Age,Gender,EducationBackground,MaritalStatus,EmpDepartment,EmpJobRole,BusinessTravelFrequency,DistanceFromHome,EmpEducationLevel,EmpEnvironmentSatisfaction,EmpHourlyRate,EmpJobInvolvement,EmpJobLevel,EmpJobSatisfaction,NumCompaniesWorked,OverTime,EmpLastSalaryHikePercent,EmpRelationshipSatisfaction,TotalWorkExperienceInYears,TrainingTimesLastYear,EmpWorkLifeBalance,ExperienceYearsAtThisCompany,ExperienceYearsInCurrentRole,YearsSinceLastPromotion,YearsWithCurrManager,Attrition,PerformanceRating
32,1,3,1,5,18,2,10,3,4,55,3,2,4,1,1,12,4,10,2,2,10,7,0,8,1,3
47,1,3,1,5,18,2,14,4,4,42,3,2,1,2,1,12,4,20,2,3,7,7,1,7,1,3
40,1,5,2,5,18,1,5,4,4,48,2,3,1,5,0,21,3,20,2,3,18,13,1,12,1,4
41,1,0,0,2,11,2,10,4,2,73,2,5,4,3,1,15,2,23,2,2,21,6,12,6,1,3
60,1,3,1,5,18,2,16,4,1,84,3,2,1,8,1,14,4,10,1,3,2,2,2,2,1,3
27,1,5,0,4,17,1,10,2,4,32,3,3,1,1,1,21,3,9,4,2,9,7,1,7,1,4
50,1,3,2,5,14,2,8,4,4,54,3,1,2,7,1,15,4,4,2,3,2,2,2,2,1,3
28,0,5,1,4,17,2,1,2,1,67,1,1,2,7,0,13,4,10,4,3,7,7,3,7,0,3
36,0,5,2,4,17,0,8,3,1,63,4,3,1,9,1,14,1,10,2,3,8,7,0,5,1,3
38,0,5,1,4,17,2,1,3,3,81,3,3,3,4,0,14,4,10,4,4,1,0,0,0,1,3
44,1,4,1,4,17,0,24,3,1,49,1,1,3,2,1,14,3,9,5,3,5,2,1,4,1,3
47,0,4,0,5,18,1,3,3,4,49,3,4,3,9,0,12,4,28,2,2,22,2,11,13,1,3
30,1,3,0,5,18,2,27,5,3,99,3,2,4,7,1,23,4,10,2,2,8,7,7,7,1,4
29,1,5,1,5,14,2,10,3,3,99,3,1,3,1,1,11,3,1,6,3,1,0,0,0,1,3
42,1,4,0,4,17,1,19,3,3,57,4,1,3,6,0,12,4,7,2,3,2,2,2,2,0,3
34,0,4,1,4,17,2,8,2,2,96,3,2,3,3,1,11,4,10,2,3,5,1,4,3,1,3
39,0,0,2,2,9,2,3,3,3,44,4,2,2,9,1,15,3,12,3,1,8,3,3,6,1,3
56,1,4,2,4,17,2,9,3,3,81,3,4,4,7,1,11,3,30,1,2,10,7,1,1,1,3
40,0,4,1,4,17,2,2,1,4,86,2,1,4,0,0,20,4,5,2,2,4,2,2,3,1,4
27,0,4,1,4,17,2,7,3,4,55,2,2,1,8,1,19,1,9,2,1,7,6,0,7,1,3
29,1,3,0,5,14,2,10,3,4,83,3,1,2,1,1,14,4,2,2,3,2,2,2,2,1,3
53,1,5,1,4,17,2,6,3,4,86,3,2,4,2,1,17,4,19,4,3,2,2,2,2,1,3
35,0,5,0,4,12,0,2,4,4,61,3,2,1,2,1,11,1,16,2,4,1,0,0,0,1,3
32,1,5,2,4,17,1,24,4,1,80,3,2,4,1,1,15,4,10,2,3,10,8,4,7,1,3
34,0,5,0,4,17,2,8,5,2,32,3,2,1,3,1,14,3,7,3,3,0,0,0,0,1,3
52,1,3,2,5,11,2,3,4,3,31,2,4,1,1,1,11,1,34,3,4,34,6,1,16,1,4
33,1,1,1,4,17,2,1,4,4,63,3,1,4,1,0,13,3,10,2,2,10,9,7,8,0,3
25,0,4,1,5,18,2,26,1,3,32,3,2,4,1,1,23,2,6,5,2,6,5,1,4,1,4
45,1,2,1,5,14,2,2,2,2,46,1,2,3,0,1,13,1,9,3,3,8,7,3,1,1,3
23,1,4,1,4,17,2,10,1,1,79,4,1,3,1,1,18,4,2,3,3,2,2,0,2,1,3
47,0,5,1,5,18,1,27,2,2,77,4,2,3,4,0,12,4,8,2,3,5,4,1,3,0,3
34,1,1,1,5,18,2,2,3,4,60,3,2,4,1,1,22,3,6,5,3,6,5,1,4,1,4
36,1,5,1,5,18,0,8,4,1,76,2,3,1,1,1,15,2,10,1,3,10,7,0,9,1,3
52,1,4,2,4,17,0,19,4,4,41,3,1,4,0,1,18,1,5,3,3,4,3,1,2,1,3
26,0,5,0,4,17,1,1,2,1,71,1,1,4,3,1,14,1,5,2,3,2,2,2,0,1,3
29,0,4,2,4,17,2,27,3,2,66,3,2,3,4,1,12,1,11,3,2,8,7,1,1,1,3
26,1,2,1,5,18,2,8,3,4,38,2,2,1,6,1,17,3,6,2,2,4,3,1,2,0,3
34,0,5,1,4,17,2,1,4,2,72,4,1,4,2,1,16,3,10,2,3,4,2,1,3,1,3
54,0,4,0,4,17,2,19,4,4,95,3,2,1,9,0,11,2,9,4,3,5,3,1,4,1,3
27,1,3,2,5,18,1,8,1,3,84,3,2,4,0,1,19,2,5,3,3,4,2,1,1,1,3
37,0,5,0,4,17,2,10,1,4,82,3,1,1,0,0,13,2,6,3,2,5,3,4,3,1,3
38,0,5,1,4,17,1,2,4,1,75,4,2,1,6,0,12,4,17,2,3,15,7,4,12,1,3
34,0,4,1,4,17,2,2,4,3,86,2,1,1,1,1,11,3,6,3,3,6,5,1,3,1,3
35,0,5,2,5,14,2,8,4,1,72,3,1,4,1,1,16,2,3,1,2,3,2,0,2,1,3
40,0,4,2,4,17,1,2,2,3,38,4,2,2,1,1,24,4,8,2,3,8,7,3,7,1,4
34,0,5,2,5,18,2,8,2,3,93,3,2,1,5,1,17,2,6,1,3,3,2,1,2,1,3
24,1,5,0,4,12,0,9,3,3,60,2,1,2,1,1,11,3,1,4,3,1,0,0,0,1,3
52,0,5,2,4,12,2,11,4,4,82,3,2,3,8,1,20,2,9,3,3,5,2,1,4,1,4
50,1,4,2,4,17,2,2,3,3,64,3,4,3,5,1,16,4,30,3,3,4,3,0,3,1,3
29,0,5,2,4,17,2,1,2,2,36,2,1,1,1,0,11,4,1,1,3,1,0,0,0,0,3
33,1,4,2,4,17,2,7,3,3,49,3,3,3,0,1,11,4,14,3,4,13,9,3,7,1,3
33,0,3,1,5,18,2,16,3,1,69,3,2,1,5,1,15,3,6,3,3,3,2,0,2,0,3
47,0,1,2,4,17,2,2,2,3,33,3,4,4,1,0,11,3,26,3,2,26,14,3,0,1,3
36,0,1,2,4,17,2,1,3,3,35,3,2,2,0,1,15,1,10,2,3,9,7,0,5,1,3
29,1,5,2,4,12,2,23,2,3,81,4,1,3,1,1,24,3,10,3,3,10,7,0,7,1,4
35,0,5,1,4,12,2,1,4,4,40,4,1,3,3,1,13,3,7,0,3,2,2,2,2,1,3
42,0,5,2,4,17,2,1,2,4,43,2,2,4,9,0,13,4,8,4,3,4,3,0,2,1,3
28,1,4,1,4,17,2,2,4,3,46,3,1,3,6,1,17,4,5,3,2,2,2,2,1,0,3
36,1,0,2,2,9,2,13,3,3,36,3,1,2,4,1,13,2,8,2,3,5,2,0,4,1,3
40,1,4,1,4,17,1,16,4,1,51,2,2,3,6,1,14,4,10,6,3,1,0,0,0,1,3
30,0,4,1,4,17,2,2,3,3,52,2,2,4,5,0,24,2,12,4,2,0,0,0,0,1,4
45,0,5,1,4,17,2,2,3,2,95,2,1,3,1,1,14,4,1,3,3,1,0,0,0,1,3
42,1,5,2,4,17,2,29,3,2,98,3,2,2,1,1,13,4,10,3,2,9,8,7,8,1,3
38,1,5,0,4,17,1,12,3,1,45,2,2,1,2,1,15,3,13,3,2,4,3,1,2,1,3
49,0,3,2,5,18,2,11,3,3,43,3,3,4,1,1,18,1,9,3,4,9,8,7,7,0,3
55,1,4,1,5,18,2,2,1,3,37,3,2,4,4,1,16,3,12,3,2,9,7,7,3,0,3
43,1,5,2,4,17,2,14,2,2,94,3,4,1,6,1,24,3,22,3,3,4,1,1,0,1,3
27,1,2,0,4,17,2,5,1,3,42,2,3,4,1,0,16,2,9,3,3,9,8,0,8,1,3
35,1,1,1,4,17,2,7,3,3,59,3,3,3,3,1,21,2,17,3,4,8,5,1,6,1,4
28,0,3,2,5,18,2,2,4,2,81,3,2,2,1,0,20,1,8,2,3,8,7,7,5,1,3
26,0,4,2,4,17,1,5,2,3,88,2,1,3,1,0,14,1,8,2,3,8,7,1,7,0,3
27,1,4,2,4,17,0,3,3,4,50,3,1,4,1,1,11,3,0,6,2,0,0,0,0,1,3
51,0,3,2,5,11,2,26,4,1,66,3,4,3,2,1,14,3,29,2,2,20,6,4,17,1,3
44,1,4,1,4,17,2,4,3,4,50,3,2,2,9,1,12,4,10,2,2,5,2,2,3,1,3
25,1,4,1,4,17,2,2,1,1,65,4,1,1,7,1,13,3,6,3,2,4,3,0,1,1,3
35,0,4,1,4,12,2,27,1,3,53,2,1,1,1,1,11,4,6,3,2,6,5,1,1,1,3
36,1,5,2,5,18,2,1,2,2,56,3,2,4,1,0,14,4,18,1,2,18,14,4,11,1,3
53,0,3,2,5,18,2,7,2,1,78,2,3,4,7,0,18,4,35,3,3,5,2,0,4,1,3
45,1,3,0,5,18,2,9,3,4,74,3,3,1,4,0,12,3,18,2,3,5,4,0,2,1,3
32,0,4,2,4,17,2,8,2,3,91,4,2,3,5,1,12,3,9,3,2,5,3,1,3,1,3
37,1,3,0,5,18,2,16,4,4,66,2,2,3,4,1,19,4,9,2,3,1,0,0,0,1,3
28,1,4,0,2,9,2,8,2,2,63,2,1,4,1,1,13,4,6,6,3,5,1,0,4,1,3
22,1,5,2,4,12,2,1,2,4,33,2,2,4,6,1,22,1,4,2,1,2,2,2,2,1,3
44,1,5,2,4,17,2,8,4,1,62,4,1,4,2,0,24,3,10,2,2,3,2,0,2,1,3
42,1,4,1,4,12,1,2,1,2,35,3,1,4,5,0,14,4,8,2,3,2,1,2,2,1,3
36,1,5,2,2,9,2,8,3,1,77,2,1,1,0,1,21,3,6,3,3,5,4,0,3,1,3
25,1,1,2,5,18,2,3,1,3,98,3,2,1,1,0,18,4,5,3,3,5,3,0,3,1,3
35,0,5,0,4,17,1,25,4,4,96,3,1,2,1,0,19,1,10,3,2,10,2,7,8,0,3
32,1,5,0,4,17,0,1,3,4,61,3,1,4,0,1,12,2,4,2,3,3,0,0,2,1,3
49,0,2,2,0,5,2,1,3,3,36,3,1,1,2,1,16,2,7,2,3,4,2,0,2,1,3
24,1,5,2,4,12,0,4,1,1,46,2,1,4,0,1,17,4,6,2,2,5,2,3,4,1,3
32,1,5,2,5,18,1,5,2,2,48,3,2,2,1,1,14,4,10,3,3,10,8,5,3,1,3
38,1,3,2,5,14,2,9,3,2,98,2,1,2,0,1,19,4,3,3,3,2,2,1,2,1,3
31,1,5,2,4,12,2,11,4,4,48,3,1,4,3,0,19,2,8,2,3,6,4,0,2,1,3
53,1,3,2,5,18,2,8,3,1,73,3,4,4,5,1,14,3,28,3,3,2,0,2,2,1,3
37,0,4,2,5,14,1,21,2,3,54,3,1,4,5,1,15,2,10,3,3,5,4,0,0,1,3
53,0,5,1,4,17,2,23,4,4,72,3,4,4,6,1,18,3,33,0,3,12,9,3,8,1,3
43,0,5,2,4,17,1,1,3,4,33,3,2,4,4,1,13,2,12,2,2,5,2,2,2,1,3
47,0,3,2,5,18,2,2,2,3,35,3,2,4,0,0,22,1,8,2,3,7,6,7,7,1,4
37,1,4,1,5,18,0,19,2,1,32,3,3,2,1,0,13,4,10,2,3,10,0,0,9,1,3
50,1,5,0,4,17,0,2,4,1,98,3,4,1,1,1,11,4,31,3,3,31,6,14,7,1,3
39,0,5,2,2,9,2,2,3,4,42,2,2,4,8,1,11,3,13,2,3,5,4,0,4,1,3
33,1,0,0,2,9,2,3,2,4,57,3,1,2,3,0,11,3,7,4,4,4,3,0,3,1,3
32,1,5,1,4,17,2,25,4,1,87,3,1,4,1,0,24,3,1,2,1,1,0,0,1,0,3
44,1,5,2,4,17,2,9,2,2,61,3,1,1,1,0,13,4,8,0,3,8,7,7,1,1,3
58,1,5,0,4,17,1,2,1,4,57,2,1,4,9,0,14,4,3,3,2,1,0,0,0,0,3
20,0,4,1,5,14,2,2,3,3,49,2,1,3,1,1,13,4,2,3,2,2,2,0,2,0,3
21,0,1,1,0,5,2,18,1,4,65,3,1,4,1,1,19,1,1,3,2,1,0,0,0,0,3
36,1,5,2,0,5,2,14,1,3,68,3,2,4,0,0,17,1,17,2,2,16,8,4,11,1,3
47,0,5,1,5,14,2,2,4,4,65,2,1,4,1,0,18,1,3,3,2,3,2,1,2,1,3
22,0,5,2,4,17,2,3,1,2,34,3,2,3,0,0,19,1,4,3,4,3,2,0,2,0,3
28,0,4,0,4,17,2,9,3,3,77,3,1,3,5,1,18,2,6,2,3,2,2,2,2,1,3
39,1,4,2,4,12,2,6,3,4,70,3,1,1,7,0,21,4,8,2,1,2,2,2,2,0,3
27,0,5,1,4,17,2,4,3,2,76,3,1,3,1,1,19,3,1,2,3,1,1,0,0,1,3
34,1,5,0,4,17,2,10,3,2,83,3,1,2,1,1,14,2,1,3,3,1,0,1,0,1,3
42,0,4,1,5,18,2,14,2,3,68,2,2,3,7,1,17,1,10,6,3,5,4,0,3,1,3
33,1,1,1,4,12,2,1,4,3,100,2,1,1,3,0,11,2,6,1,3,3,2,0,2,1,3
58,0,2,0,4,12,2,5,3,3,37,2,3,2,2,0,13,4,24,3,3,6,0,0,4,1,3
31,1,5,2,5,14,2,7,4,2,41,2,1,3,3,1,15,2,13,2,4,7,7,5,2,1,3
35,0,5,2,4,12,2,21,1,4,51,3,2,4,1,0,25,4,10,2,1,10,6,0,7,1,3
48,1,4,2,0,5,2,20,4,4,51,3,1,3,4,1,17,1,13,2,2,0,0,0,0,1,3
31,0,3,2,5,18,0,20,2,4,45,3,2,3,1,1,13,4,9,2,2,9,8,0,0,1,3
36,1,1,1,4,17,2,7,4,2,65,3,1,4,2,1,18,3,8,6,3,6,2,0,1,1,3
38,0,2,2,4,12,2,1,3,4,80,3,3,1,1,1,13,2,15,3,3,15,12,5,11,1,3
32,0,5,2,4,12,0,1,3,3,70,2,1,2,6,1,20,3,5,3,3,3,0,0,2,1,4
25,1,3,2,5,14,2,19,2,3,36,2,1,2,1,0,18,3,1,2,3,1,0,0,0,0,3
41,1,4,1,4,17,2,6,3,4,59,3,1,1,2,0,13,3,20,3,3,18,13,2,17,1,3
36,1,4,1,4,17,2,2,4,3,79,3,1,3,4,1,21,3,16,6,3,11,8,3,9,1,4
19,1,1,1,5,14,2,21,3,4,37,2,1,2,1,0,13,2,1,3,4,1,0,0,0,0,3
20,1,2,1,4,17,2,4,3,1,84,3,1,1,1,1,19,2,1,2,3,1,0,0,0,0,3
31,0,4,2,4,17,2,12,3,4,41,3,2,4,0,0,11,3,10,2,1,9,7,8,5,1,3
36,1,5,2,5,18,2,3,1,3,51,2,3,4,1,0,11,1,16,6,3,16,7,3,7,0,3
37,1,5,2,5,18,2,1,4,1,46,2,3,3,5,1,11,3,17,2,1,14,1,11,7,0,2
45,1,5,2,4,17,0,4,2,3,57,3,2,2,1,1,12,2,9,5,2,9,7,0,8,1,3
29,0,2,2,5,14,1,20,3,3,84,3,1,4,1,1,15,2,3,5,3,3,1,0,2,1,3
35,0,4,2,5,18,2,18,3,3,86,3,2,3,1,1,16,2,5,3,3,5,2,1,0,1,3
52,1,5,2,4,12,2,1,2,4,70,3,4,4,2,1,15,2,26,2,2,9,8,7,8,1,3
53,1,4,0,5,11,2,2,2,3,45,3,4,3,6,1,13,3,22,3,4,17,13,15,2,1,3
30,1,1,0,5,18,2,8,2,3,62,3,3,3,5,1,11,1,10,2,4,8,4,7,7,1,3
35,1,5,0,5,18,2,3,4,4,92,3,3,4,6,1,13,2,12,2,3,10,9,0,8,1,3
39,1,5,1,5,18,2,2,5,1,41,4,3,3,0,1,18,4,9,3,3,8,7,0,7,1,3
40,0,5,1,5,18,0,24,3,2,100,4,4,2,4,0,16,4,22,2,2,1,0,0,0,0,3
47,1,4,0,4,12,1,16,4,3,64,4,2,3,1,0,19,3,20,3,4,19,10,2,7,1,3
36,1,2,0,5,18,0,8,4,1,84,3,2,4,4,1,13,4,12,3,3,7,7,0,7,1,3
31,1,4,1,4,17,0,9,2,3,46,2,1,1,0,0,22,1,4,0,3,3,2,1,2,0,4
33,1,5,1,5,11,0,17,3,4,38,3,4,3,1,1,11,4,10,2,3,10,8,6,0,1,3
29,0,5,1,4,17,2,10,3,4,92,2,1,1,6,0,20,3,3,5,3,0,0,0,0,0,4
33,0,5,1,4,17,2,13,1,2,53,3,1,4,3,1,18,1,5,4,3,3,2,0,2,1,3
45,0,4,0,4,17,2,1,4,4,91,3,1,4,3,1,14,4,8,2,3,5,3,0,2,1,3
50,1,4,0,4,12,2,1,2,4,66,3,4,4,9,1,22,3,32,1,2,5,4,1,3,1,4
33,0,1,2,4,17,1,1,4,3,84,4,2,2,1,0,13,1,6,2,3,6,5,1,2,1,3
41,1,4,0,4,17,1,9,3,1,64,3,5,3,2,1,17,2,21,2,4,18,16,0,11,1,3
45,1,5,2,4,17,0,23,2,4,42,3,2,1,1,0,15,3,9,2,3,9,8,0,8,1,3
47,0,5,1,5,18,2,4,2,4,83,3,2,4,1,0,17,3,9,0,3,9,0,0,7,1,3
30,0,5,2,4,17,2,22,3,1,48,3,1,3,4,0,11,2,7,2,3,5,2,0,1,0,3
50,1,5,2,4,17,2,24,3,4,95,3,4,3,3,0,18,4,22,2,3,12,11,1,5,1,3
38,1,4,2,3,2,1,10,1,3,66,3,1,3,0,1,17,2,3,0,2,2,1,0,2,1,3
35,1,1,0,3,13,2,14,4,3,39,2,1,2,1,0,24,4,5,2,1,4,2,0,2,0,3
31,0,5,2,3,7,1,1,1,3,96,3,2,1,1,1,12,3,4,1,3,4,3,0,3,1,3
18,1,5,1,3,15,0,5,2,2,73,3,1,4,1,1,15,4,0,2,3,0,0,0,0,1,3
54,0,2,2,3,2,2,17,3,3,56,3,3,3,8,1,11,3,22,2,3,10,7,0,8,1,3
35,0,4,0,3,6,2,25,4,3,57,3,3,3,1,0,11,3,16,3,2,16,10,10,1,1,3
30,0,5,2,3,4,2,8,2,2,73,4,3,1,0,0,12,3,9,4,2,8,7,1,7,1,2
26,1,4,2,3,2,2,2,2,4,32,4,2,4,1,1,12,2,8,2,3,8,7,1,3,1,3
22,1,5,2,3,13,2,8,1,2,94,1,1,1,1,1,15,1,4,3,2,4,3,1,1,1,2
48,1,5,1,3,6,2,6,3,1,97,2,2,3,2,1,13,4,19,0,3,2,2,2,2,1,2
48,1,5,1,3,2,2,4,4,3,78,2,3,3,7,1,14,2,27,3,3,15,11,4,8,1,3
41,0,4,1,3,7,2,7,2,4,42,3,2,3,6,1,14,2,8,6,3,2,2,2,1,1,3
39,0,5,2,3,7,2,1,1,4,65,2,4,4,1,1,16,3,21,3,3,21,6,11,8,1,3
27,0,5,2,3,2,2,2,4,1,47,3,2,4,0,1,18,2,4,2,3,3,2,2,2,1,2
35,1,1,0,3,13,2,10,3,2,45,3,1,4,1,1,20,1,3,4,2,3,2,1,2,1,2
42,1,3,2,5,11,2,5,2,4,90,3,5,3,6,1,13,2,21,3,4,1,0,0,0,1,4
50,1,5,2,3,13,2,9,3,1,64,3,1,4,4,1,18,2,8,5,3,1,0,0,0,1,3
59,0,5,1,3,7,2,2,3,3,69,2,4,4,3,0,13,1,30,4,3,5,3,4,3,1,3
55,1,4,2,3,6,1,18,4,3,62,3,2,2,3,0,14,4,17,3,3,8,7,6,7,1,3
41,0,5,0,3,4,0,7,1,2,55,1,5,3,1,1,22,2,21,3,3,21,16,5,10,1,2
38,1,5,1,5,18,2,3,4,2,42,3,2,4,8,0,12,3,19,1,3,1,0,0,0,1,3
26,1,4,1,5,18,0,29,2,2,79,1,2,1,8,1,18,4,7,6,3,2,2,2,2,0,2
52,0,3,2,5,11,2,2,1,1,57,1,5,4,1,1,15,4,33,3,3,32,14,6,9,0,2
44,0,4,2,5,18,2,28,3,4,53,4,4,4,3,0,18,3,23,2,3,12,11,11,11,1,3
50,0,5,2,5,18,0,1,3,4,95,3,2,3,0,1,12,1,19,3,3,18,7,0,13,1,3
39,0,4,1,3,7,1,22,3,4,82,3,3,1,1,0,13,3,21,2,3,21,6,2,8,1,3
33,0,5,1,5,14,0,8,1,2,88,2,1,4,0,1,19,4,3,2,2,2,2,2,2,1,2
45,0,5,2,5,11,2,11,2,4,90,3,4,4,3,1,13,2,26,4,4,9,3,1,1,1,3
32,0,4,1,3,2,0,29,4,4,69,3,1,3,9,1,12,2,10,2,3,8,7,7,7,1,3
34,1,3,0,5,18,2,1,4,2,75,4,2,4,0,1,11,4,16,2,2,15,1,0,9,1,3
59,1,2,2,5,11,2,1,2,2,66,3,3,4,3,0,14,3,14,1,1,6,4,0,4,1,3
45,1,4,1,2,9,2,24,4,2,36,3,1,2,1,1,16,1,6,3,3,6,3,0,4,1,3
36,1,1,0,3,13,2,15,3,1,81,3,2,3,7,1,14,2,9,3,2,1,0,0,0,0,3
26,1,5,2,3,15,1,2,3,1,57,3,1,1,6,0,14,2,6,2,3,3,2,1,2,0,2
28,1,4,2,5,14,2,10,1,4,74,3,1,2,1,1,22,2,1,5,3,1,0,0,0,1,4
38,1,1,2,3,2,1,3,4,3,44,3,1,3,3,1,16,1,8,2,3,2,2,2,2,1,3
50,1,4,2,3,2,2,2,4,2,62,3,5,3,2,0,11,4,29,2,2,8,1,7,7,1,3
37,0,1,1,3,6,2,3,3,4,35,3,2,2,3,1,15,1,8,3,2,4,3,0,1,1,3
40,1,3,2,5,18,2,26,3,3,74,3,2,1,1,1,14,2,8,3,2,7,7,7,5,1,3
26,0,4,0,3,15,1,1,1,1,66,2,1,3,1,1,13,3,5,5,3,5,3,1,3,1,2
54,0,5,2,5,18,2,2,4,3,41,2,3,3,6,1,11,2,13,4,3,9,4,7,0,1,3
56,0,4,2,3,2,1,9,3,1,63,3,1,3,2,1,19,2,18,4,3,5,4,0,3,1,3
36,0,4,1,3,7,2,12,5,4,51,2,3,4,0,1,11,2,15,2,2,14,8,7,8,1,3
55,1,4,1,3,11,0,2,1,3,40,2,4,1,7,1,15,2,31,3,4,9,7,6,2,1,4
43,1,4,0,5,18,2,25,3,3,79,2,3,4,5,1,13,3,18,5,3,1,0,0,0,1,3
20,0,3,1,5,14,1,9,3,4,54,3,1,4,1,0,14,2,2,3,3,2,2,0,2,0,3
21,0,5,1,3,2,2,10,3,3,36,2,1,1,1,1,13,1,1,6,2,1,0,1,0,0,3
46,0,5,0,3,2,2,8,4,4,74,2,2,1,8,0,23,1,19,2,3,16,13,1,7,1,4
28,1,2,1,3,2,0,24,2,2,72,2,3,1,1,1,12,1,10,2,2,10,7,1,9,0,2
26,1,4,2,3,13,2,1,2,1,59,2,1,1,1,1,16,1,6,2,3,5,3,1,3,1,2
30,1,1,2,3,2,2,20,3,3,85,3,2,1,0,1,15,3,7,1,2,6,2,0,2,1,3
38,0,5,2,3,6,2,17,1,3,65,2,3,3,0,1,18,1,20,4,2,19,9,1,9,1,3
40,1,2,2,3,2,2,20,4,1,61,3,3,4,4,1,20,4,14,6,3,11,10,11,1,1,2
27,1,5,2,3,2,0,8,5,1,87,1,1,3,1,1,19,4,3,4,3,3,2,1,2,1,2
55,1,5,2,3,16,1,2,1,4,65,3,3,2,3,1,18,2,23,4,3,3,2,1,2,1,3
44,1,4,2,2,9,2,1,2,2,91,2,3,1,9,1,14,4,24,1,3,20,6,3,6,0,2
33,0,4,1,3,15,1,29,4,1,54,2,2,3,1,1,22,2,14,4,3,13,7,3,8,0,2
34,1,5,1,3,6,1,3,1,1,45,3,2,4,0,1,17,3,7,1,2,6,2,0,4,1,3
25,1,2,2,3,16,2,4,1,4,32,3,1,4,1,0,15,2,7,3,4,7,7,5,6,0,3
26,1,4,0,3,16,2,21,3,1,37,3,1,3,1,1,20,3,1,0,2,1,1,0,0,0,4
42,1,4,2,3,11,2,2,2,4,35,3,4,1,0,1,17,4,23,3,3,22,6,13,7,1,3
28,1,4,0,3,16,1,1,3,1,45,2,1,2,1,1,15,1,1,2,3,1,0,0,0,0,3
50,1,1,1,5,18,1,1,4,4,81,3,2,3,3,0,14,4,5,4,3,0,0,0,0,0,3
33,0,5,2,5,18,1,7,3,4,30,3,2,2,0,1,17,3,4,3,3,3,2,0,2,1,3
34,1,5,2,3,15,0,3,4,3,40,2,1,4,3,1,17,4,6,2,3,0,0,0,0,1,3
48,1,4,1,3,16,0,1,4,1,35,4,4,4,2,1,22,3,27,3,2,5,4,2,1,1,2
45,0,5,2,5,18,0,9,4,2,65,2,2,3,1,1,13,4,15,2,3,15,10,4,12,1,2
52,1,5,1,3,6,2,7,4,2,87,3,3,2,7,1,19,4,18,4,3,8,6,4,0,1,2
38,1,3,0,5,18,2,10,4,3,73,2,3,3,0,0,14,2,9,2,3,8,7,2,7,1,3
29,0,5,0,3,16,2,28,4,3,93,3,1,4,4,1,22,1,11,1,3,7,5,1,7,1,4
28,0,4,0,3,7,2,3,3,4,93,3,3,2,0,1,17,2,10,3,2,9,7,1,7,1,3
46,1,3,2,5,11,2,3,1,1,52,3,4,3,3,1,12,4,23,3,3,12,9,4,9,1,2
38,1,3,1,5,18,2,2,2,4,32,3,3,2,7,1,16,3,10,2,3,1,0,0,0,1,3
39,1,5,0,3,6,1,2,3,1,84,3,4,4,7,1,11,4,21,4,3,18,7,11,5,0,2
40,1,4,1,3,16,2,14,3,3,44,2,5,3,1,1,14,1,21,2,4,20,7,4,9,1,3
39,1,5,1,3,13,0,9,3,3,70,3,2,2,9,1,15,3,9,2,2,5,4,0,3,1,3
36,1,5,1,3,7,0,18,4,1,78,3,2,4,2,1,20,1,18,0,3,11,9,0,9,1,3
31,1,5,2,5,14,1,20,3,3,67,4,1,4,0,1,12,1,3,4,3,2,2,2,2,1,3
28,1,5,2,3,16,2,2,1,1,67,2,1,2,0,1,17,1,6,2,1,5,3,0,4,1,3
35,1,3,0,5,18,1,11,2,4,54,3,2,4,1,1,11,4,5,3,3,5,2,0,2,1,3
49,1,2,2,5,18,2,8,4,4,56,2,4,2,6,1,17,2,22,3,3,9,8,2,3,1,3
34,1,5,1,3,16,1,2,2,4,95,3,2,3,2,1,11,4,5,3,2,3,2,0,2,1,3
29,0,5,0,3,15,1,10,3,4,61,3,1,2,0,1,14,4,8,2,2,7,5,1,1,1,3
42,1,4,1,3,13,2,29,3,2,56,1,2,4,4,1,19,1,16,3,3,1,0,0,0,1,3
29,1,4,2,3,7,2,8,1,2,79,2,2,4,1,0,15,3,10,2,2,10,7,1,2,1,2
28,1,5,0,3,15,1,6,3,3,39,2,1,3,1,0,14,4,3,2,3,3,1,0,2,1,3
18,1,4,1,3,13,0,8,1,3,80,3,1,3,1,1,12,4,0,0,3,0,0,0,0,0,3
33,0,3,1,5,18,2,9,4,1,77,3,2,1,0,0,17,1,6,3,3,5,2,0,3,0,3
41,1,5,2,3,13,2,12,4,2,46,3,1,4,3,0,11,1,6,4,3,1,0,0,0,1,3
31,1,4,2,3,13,1,15,3,3,72,3,1,3,1,1,12,3,2,5,2,2,2,2,2,0,3
37,0,4,0,3,6,2,25,2,3,52,2,2,4,7,1,13,3,9,2,3,6,2,1,3,1,3
27,1,5,2,3,15,2,6,3,4,55,2,1,3,1,1,13,3,4,0,3,4,2,2,2,1,3
34,0,5,2,5,18,2,9,1,2,70,3,2,3,1,1,20,1,6,3,2,6,5,1,3,1,2
35,1,2,1,2,9,2,8,4,3,100,3,1,3,1,1,17,2,6,2,1,5,4,1,4,1,2
29,0,5,2,5,18,2,23,1,4,45,2,3,1,1,1,13,1,11,3,1,11,8,3,10,0,2
40,0,4,1,3,4,1,9,4,2,88,3,3,3,9,1,17,3,20,3,2,18,7,2,13,1,2
42,1,5,1,5,18,1,12,3,3,44,3,4,1,0,0,12,2,22,2,2,21,9,13,14,0,3
42,1,3,1,5,18,2,4,4,2,45,3,2,1,7,1,13,4,9,3,4,6,4,1,5,1,4
24,1,4,1,3,13,2,24,3,4,49,3,1,2,8,1,22,4,6,2,3,4,3,1,2,1,4
28,0,5,2,3,16,2,12,1,3,79,3,1,4,1,0,11,4,1,4,2,1,1,0,0,0,3
26,1,4,2,3,16,2,3,4,1,82,4,1,4,1,1,22,2,8,2,3,8,7,0,7,1,3
30,1,3,2,5,18,2,10,3,3,72,2,2,3,1,1,18,1,10,3,3,10,3,1,4,1,3
40,0,4,2,3,15,1,26,2,3,92,2,2,4,3,0,13,4,16,3,1,1,1,0,0,1,3
35,1,5,0,3,7,2,2,3,3,44,2,3,2,2,1,18,2,15,2,4,7,7,6,4,1,3
34,1,4,1,3,6,1,1,3,4,97,2,2,1,0,1,20,3,14,3,3,13,9,4,9,1,4
35,1,1,2,3,13,1,4,4,4,47,2,1,4,1,1,13,2,2,2,4,2,2,2,2,1,3
43,0,3,1,5,18,2,9,3,1,85,1,2,3,8,1,13,2,7,2,2,4,3,1,3,0,2
32,0,5,0,5,14,0,2,1,3,76,3,1,1,1,1,12,3,1,3,3,1,0,0,0,1,3
56,0,2,0,3,11,2,4,4,4,92,3,5,1,4,1,13,4,28,2,3,5,2,4,2,1,3
29,0,4,2,3,16,2,6,1,2,54,3,1,4,1,1,13,1,10,5,3,10,8,0,8,1,3
19,1,5,1,3,15,2,9,2,3,54,3,1,1,1,1,25,3,1,4,3,1,1,0,0,1,4
45,0,4,2,3,16,2,7,3,1,83,3,1,3,4,0,19,3,7,2,2,3,2,0,2,1,3
37,0,5,2,3,7,2,1,3,4,56,2,2,4,1,1,13,2,14,2,2,14,8,3,11,1,3
44,1,5,1,3,16,2,10,4,3,96,3,1,3,1,0,11,3,6,4,3,6,4,0,2,0,3
53,0,4,0,3,16,2,7,2,4,50,3,5,3,3,1,18,2,26,6,3,7,7,4,7,1,3
22,1,5,2,3,16,1,3,4,3,48,2,1,4,0,0,11,2,1,5,3,0,0,0,0,0,3
46,0,3,2,5,11,2,2,3,3,69,3,4,1,8,1,23,1,28,2,3,26,15,15,9,1,4
44,1,5,1,3,15,0,17,3,4,74,1,1,3,2,1,13,4,6,3,3,0,0,0,0,1,3
33,1,0,2,2,9,2,2,3,2,99,3,1,3,1,1,13,4,5,2,3,5,4,1,4,1,2
30,1,5,0,5,18,2,29,4,3,61,3,2,1,8,1,19,3,8,3,3,4,3,0,3,1,3
40,1,4,2,5,18,1,2,4,2,62,3,2,2,5,1,12,4,5,2,3,0,0,0,0,1,3
50,0,4,2,3,16,1,2,3,4,30,3,4,1,2,1,22,3,32,3,3,2,2,2,2,1,4
46,1,5,2,3,16,2,15,2,4,52,3,5,2,5,1,11,1,25,2,3,4,2,0,3,1,3
35,1,5,2,5,18,2,17,4,3,94,3,2,1,3,0,15,4,15,2,3,7,7,1,7,1,3
24,0,5,2,3,13,2,17,2,4,97,3,1,2,1,1,13,1,1,3,1,1,0,0,0,0,3
33,0,4,2,5,18,1,25,3,2,82,3,2,3,1,1,12,1,10,3,2,10,7,0,1,1,3
36,1,5,0,3,13,2,6,4,3,60,1,1,3,1,1,14,3,7,4,3,7,7,1,7,1,3
44,1,1,1,3,15,2,29,4,4,32,3,2,4,1,1,25,2,20,3,3,20,11,13,17,1,4
42,1,4,2,2,9,0,2,5,4,79,4,2,1,7,1,16,1,10,3,4,4,3,0,3,1,4
32,0,1,2,3,13,1,13,3,3,77,2,1,2,1,1,20,3,2,2,3,2,2,2,2,1,4
32,0,5,1,3,16,1,2,2,4,38,3,2,3,4,0,14,4,10,2,3,8,7,0,7,1,3
36,0,2,0,3,7,2,1,3,3,77,1,3,1,2,0,21,3,17,2,3,7,7,7,7,1,4
33,1,4,2,3,15,2,9,3,1,60,3,1,4,0,1,13,2,15,5,3,14,10,4,10,1,2
25,1,5,1,5,18,2,10,4,3,57,3,2,4,0,1,14,2,5,4,3,4,3,1,1,1,3
42,0,4,2,3,4,1,26,5,1,60,3,3,1,3,0,17,3,20,6,3,1,0,0,0,1,3
27,1,5,2,3,16,2,14,3,1,42,3,1,1,1,0,14,4,9,3,2,9,7,6,8,1,2
54,0,5,0,3,7,1,1,4,4,53,3,3,3,7,1,17,1,33,2,1,5,4,1,4,1,3
44,0,5,2,3,16,2,2,1,1,72,4,1,4,1,1,13,4,10,5,3,10,5,7,7,1,2
19,0,4,1,3,15,0,10,3,1,96,2,1,2,1,0,25,2,1,2,4,1,1,0,0,0,4
54,1,5,2,3,4,2,3,3,4,85,3,4,4,3,1,14,1,36,2,3,10,9,0,9,1,3
31,1,4,2,3,16,2,11,2,3,80,3,2,1,1,0,12,4,6,2,2,6,5,0,1,1,3
43,1,5,2,3,4,2,3,3,3,96,1,5,4,3,1,14,2,25,2,3,8,7,0,7,1,3
49,1,4,2,3,16,2,4,2,1,85,2,5,3,2,1,13,3,23,2,4,1,0,0,0,1,3
36,1,2,2,3,15,1,3,3,3,46,3,1,2,1,1,12,3,12,2,2,11,10,0,7,1,3
48,1,2,1,3,13,2,2,2,4,76,4,1,2,5,1,11,3,7,4,2,1,0,0,0,1,3
29,1,5,0,3,16,2,7,3,3,82,3,2,4,1,0,11,2,6,2,3,6,0,1,0,1,3
48,1,5,1,3,4,2,1,3,4,76,2,5,4,6,1,12,3,25,3,4,1,0,0,0,1,4
29,0,5,0,3,4,2,1,3,4,87,2,4,4,3,1,14,2,9,2,2,7,7,1,7,1,3
44,1,3,2,5,11,2,5,3,2,88,3,5,2,7,1,11,3,26,5,3,22,9,3,10,1,2
23,1,5,2,3,15,2,1,2,4,47,3,1,3,1,1,22,4,1,2,3,1,0,0,1,1,4
26,1,5,1,3,15,2,4,2,3,53,3,1,4,1,0,20,2,8,2,2,8,5,2,2,1,4
45,0,3,1,5,11,2,2,3,1,94,1,5,2,2,0,16,1,26,2,3,24,10,1,11,0,2
55,1,4,0,3,6,0,8,1,4,37,2,4,2,1,0,15,4,34,3,3,33,9,15,0,1,3
21,0,5,1,3,13,1,10,2,1,45,2,1,3,1,1,20,3,2,2,1,2,2,2,2,0,2
46,0,3,2,5,11,2,4,2,4,33,2,5,2,2,1,14,3,26,2,3,11,4,0,8,1,3
34,0,3,1,5,18,2,2,3,3,86,3,2,1,0,0,12,4,4,3,3,3,2,0,2,1,3
51,1,5,0,5,11,1,9,3,4,83,3,5,2,4,0,24,1,31,5,2,29,10,11,10,1,4
59,1,4,1,3,16,2,18,4,4,67,3,3,4,6,1,12,4,25,6,2,9,7,5,4,1,3
34,0,4,0,3,13,1,19,3,3,46,3,2,2,4,1,13,3,15,2,4,11,8,5,10,1,3
28,1,4,1,3,13,1,1,4,4,44,3,1,3,0,0,11,3,5,2,2,4,2,0,2,1,3
44,1,5,0,3,16,2,4,2,3,92,4,5,1,1,1,14,4,26,4,2,25,9,14,13,1,3
34,1,5,2,2,9,1,11,3,3,56,2,2,2,4,1,11,4,14,5,4,10,9,1,8,1,3
35,1,5,2,3,15,2,6,1,3,66,3,1,3,0,0,14,4,4,3,3,3,2,2,2,1,3
42,0,4,2,3,15,2,7,4,2,78,4,2,2,6,0,16,4,18,2,3,1,0,0,0,1,3
43,0,3,1,5,18,2,4,4,4,56,2,3,4,3,1,14,4,23,3,4,21,7,15,17,1,3
36,0,5,1,3,7,2,2,4,3,53,3,2,2,9,0,11,4,18,2,3,16,14,5,12,1,3
28,1,5,2,3,13,1,2,3,4,52,2,1,4,1,0,12,2,2,2,3,2,2,2,2,1,3
51,0,4,1,3,13,1,6,2,2,40,2,1,3,0,1,14,2,8,6,2,7,0,7,7,1,3
30,0,4,1,3,7,0,9,2,3,72,3,2,3,7,0,18,3,10,3,3,8,4,1,7,1,3
29,0,2,0,3,13,2,7,3,2,39,3,1,3,3,0,13,1,10,2,3,7,7,7,7,0,2
28,1,2,1,3,15,2,1,3,4,84,3,1,1,2,1,11,2,5,2,2,3,2,1,2,1,3
25,0,4,1,3,15,2,1,3,4,40,3,1,2,1,1,18,4,2,3,2,2,2,2,1,1,3
32,1,4,2,5,18,2,8,3,3,56,4,2,4,1,1,15,3,10,4,4,10,7,0,8,1,3
45,0,4,1,3,11,1,25,3,2,83,3,5,2,3,1,22,3,22,4,3,0,0,0,0,1,4
39,0,4,0,3,11,2,13,4,3,94,2,4,2,6,0,13,4,21,4,3,19,9,15,2,1,3
58,1,5,0,3,15,2,23,4,1,88,3,1,3,1,1,12,4,2,3,3,2,2,2,2,1,2
32,1,5,2,3,16,2,7,2,4,79,3,2,3,1,1,18,1,10,3,3,10,4,1,1,0,3
36,0,2,2,3,6,2,10,4,4,63,3,3,3,3,1,12,1,10,0,3,7,7,1,7,1,3
46,0,5,1,2,9,2,1,2,4,44,3,1,1,6,1,12,3,10,3,4,7,6,5,7,1,3
28,0,5,2,3,16,0,1,3,3,55,1,2,4,0,1,11,1,10,6,3,9,8,7,5,1,3
50,0,5,2,3,16,2,28,3,4,43,3,4,1,4,0,11,2,25,2,3,3,2,1,2,1,3
40,1,3,1,5,18,2,25,4,4,57,2,3,2,2,0,12,3,9,2,3,5,4,1,0,0,3
52,1,5,1,5,18,2,5,3,2,64,3,3,2,9,0,19,3,10,2,2,8,7,7,7,0,2
31,0,5,0,5,18,0,2,4,4,57,3,3,3,1,0,19,1,10,5,2,10,8,9,6,1,3
41,1,4,1,5,18,0,10,2,3,40,1,2,2,1,1,13,1,19,4,3,19,2,11,9,1,3
55,0,4,2,3,11,2,2,2,4,58,1,5,3,4,1,14,4,23,5,3,19,9,9,11,1,3
56,1,5,1,2,11,2,8,4,4,99,3,5,2,6,1,14,1,36,4,3,7,3,7,7,1,3
40,1,5,0,3,15,0,16,2,3,74,3,1,3,9,1,16,2,6,0,3,4,2,0,0,1,3
34,1,5,0,3,6,2,9,3,4,86,3,3,4,0,1,11,4,10,0,2,9,7,1,6,1,3
41,0,3,0,5,18,1,1,3,3,66,3,2,1,0,1,17,4,10,2,3,9,3,1,7,1,3
35,1,5,1,3,15,1,4,4,3,87,3,2,3,1,0,11,2,9,3,3,9,6,1,1,1,3
51,1,5,0,2,11,2,5,3,3,84,3,4,2,1,0,11,2,33,2,3,33,9,0,10,1,3
38,0,5,0,5,18,2,2,2,2,31,3,2,1,3,1,15,4,11,3,3,7,7,1,7,1,2
34,0,4,1,5,18,2,15,2,3,66,3,2,1,1,1,12,4,10,6,4,10,8,9,6,1,3
25,1,4,2,3,13,2,19,1,4,67,3,1,4,3,1,11,3,7,6,2,3,2,1,2,1,3
58,0,4,2,3,7,2,7,4,3,53,2,3,1,7,0,14,4,31,0,2,10,9,5,9,0,3
40,1,5,2,3,13,2,1,4,2,88,3,1,2,3,1,22,3,7,3,3,4,2,0,3,1,3
36,0,3,2,5,18,1,7,3,1,83,4,2,1,2,1,16,4,17,2,2,15,7,6,13,1,2
48,1,5,1,3,7,2,4,3,4,54,3,3,4,1,1,11,3,11,2,3,10,9,0,8,1,3
27,0,4,2,5,14,2,11,3,3,98,4,1,4,8,1,14,2,5,4,3,1,0,0,0,1,3
51,0,2,1,3,16,2,11,2,4,82,2,4,2,3,1,16,2,29,1,2,5,2,0,3,1,3
18,0,5,1,3,16,0,1,3,4,97,3,1,4,1,1,15,3,0,5,4,0,0,0,0,1,4
35,0,4,2,3,13,2,1,3,4,60,2,2,4,0,1,12,2,10,0,3,9,7,0,0,1,3
27,1,5,1,5,18,1,2,1,4,43,1,2,4,3,1,20,2,8,3,3,6,2,0,0,1,4
55,1,3,1,5,18,2,13,4,1,85,4,4,3,6,0,17,3,24,2,2,19,7,3,8,0,2
56,1,5,2,3,16,2,23,3,4,68,3,4,2,4,0,12,1,33,0,3,19,16,15,9,1,3
34,0,2,0,3,15,0,26,1,1,92,2,1,3,1,1,20,3,5,2,3,5,4,0,0,1,3
40,0,4,0,3,16,2,2,1,2,89,4,2,3,5,1,20,2,15,0,3,12,11,11,8,1,2
34,1,4,2,3,13,2,29,3,2,86,3,2,3,4,1,13,1,10,1,3,8,7,7,7,1,2
31,0,5,1,5,14,1,2,3,3,90,2,1,4,7,1,14,3,3,3,4,1,0,0,0,0,3
38,1,5,0,3,15,1,7,3,4,57,4,1,3,1,1,11,4,4,2,3,4,2,0,3,1,3
34,0,2,1,3,6,2,2,4,3,98,3,2,4,1,1,11,4,14,2,4,14,11,4,11,1,3
28,1,5,2,5,18,2,26,3,3,48,2,2,1,1,1,11,3,5,0,3,5,3,0,4,1,3
39,1,5,2,5,18,2,21,4,1,44,2,2,4,3,0,12,4,8,2,4,5,4,1,4,1,2
51,1,3,2,5,18,1,2,3,2,52,3,3,2,2,1,11,2,14,5,3,4,2,3,2,1,2
41,0,5,0,3,16,1,22,3,4,75,3,2,4,3,0,14,1,12,4,2,6,2,3,3,1,3
33,1,5,2,5,18,1,5,1,2,61,3,2,4,6,1,13,1,8,2,4,5,4,1,2,1,2
32,1,3,2,5,18,2,2,1,3,36,3,2,2,0,0,13,1,4,3,2,3,2,1,2,1,3
39,1,5,2,3,16,0,25,2,3,71,3,3,3,3,1,21,2,13,2,3,6,4,0,5,1,4
25,1,5,2,5,18,2,18,1,1,93,4,2,3,2,1,11,2,6,3,2,3,2,1,2,1,2
52,0,4,2,3,7,1,28,2,4,59,4,4,3,2,0,11,2,24,3,2,5,3,0,2,1,3
43,0,4,1,3,15,2,6,3,1,73,2,2,3,1,0,14,1,20,3,1,20,7,1,8,1,2
27,0,3,2,5,18,2,10,3,4,98,2,2,4,1,0,11,4,6,3,3,6,2,4,4,1,3
27,0,5,1,3,15,2,17,4,4,51,3,1,3,1,0,13,4,8,2,3,8,2,7,7,0,3
26,1,4,1,3,15,2,2,1,1,36,2,1,4,0,1,12,4,5,2,3,4,3,1,1,1,3
42,0,0,2,2,11,2,10,3,3,31,3,4,1,0,1,14,3,21,5,3,20,7,0,9,1,3
37,0,4,1,3,16,2,11,3,1,94,3,1,3,4,1,18,1,8,6,3,3,2,0,2,1,3
35,1,5,1,3,7,1,18,2,3,60,3,3,4,2,1,11,3,10,2,3,2,2,2,2,1,3
25,1,2,2,3,13,2,1,3,1,81,3,1,4,4,1,11,2,7,2,2,3,2,0,2,1,3
29,1,1,1,2,9,2,17,3,2,51,2,3,1,1,1,13,1,10,3,2,10,9,0,9,1,3
49,1,5,1,3,16,1,28,2,1,97,2,2,1,3,1,20,1,20,2,3,4,3,1,3,0,3
54,0,4,1,3,4,2,1,3,4,54,3,4,4,6,1,19,4,29,3,2,20,7,12,7,1,3
58,0,4,2,3,16,2,1,3,4,76,3,5,1,3,0,21,3,32,3,3,9,8,1,5,1,4
36,0,3,1,5,18,2,3,4,1,99,3,2,2,3,0,16,4,15,3,3,5,4,0,1,1,3
31,0,5,1,5,14,1,1,4,2,50,1,1,3,1,1,12,2,1,3,3,1,0,0,0,0,3
30,0,3,0,5,18,2,7,4,4,73,3,2,1,7,1,14,2,8,3,3,3,2,0,2,1,3
31,0,5,1,3,4,2,8,5,1,93,3,4,2,3,1,11,3,9,3,4,3,2,1,0,1,3
34,1,1,0,3,15,1,1,4,4,91,3,1,1,5,1,14,3,10,2,3,4,3,1,3,1,3
31,0,5,1,3,15,2,8,3,1,34,2,1,2,1,1,12,3,1,3,4,1,0,0,0,0,3
27,1,5,2,3,16,2,11,1,2,91,3,1,1,0,1,14,2,6,3,4,5,0,1,4,1,3
36,1,5,1,3,13,2,4,4,1,37,2,2,4,1,1,16,3,10,2,2,10,4,1,8,1,2
47,1,2,2,3,15,2,1,3,1,74,3,1,4,7,1,12,3,17,2,2,6,5,1,2,1,2
25,1,5,2,5,14,2,9,2,1,68,2,1,1,3,1,12,1,6,2,3,3,2,2,2,0,2
37,1,2,1,3,16,0,5,2,3,84,4,1,3,0,1,14,1,7,2,1,6,5,1,3,1,3
56,0,5,2,3,16,2,1,2,1,90,3,1,1,2,1,22,4,5,3,4,3,2,1,0,1,4
24,0,4,2,5,18,2,4,1,4,42,3,2,3,1,0,12,3,5,3,3,5,4,0,3,1,3
34,0,5,2,3,13,2,1,3,4,86,2,1,2,5,1,17,1,7,2,2,5,4,0,2,1,3
41,1,4,2,3,16,2,5,5,2,90,4,1,3,2,0,12,1,7,5,2,4,2,0,3,1,3
40,1,1,0,3,13,0,9,4,3,81,3,2,3,3,1,11,3,11,2,4,8,7,0,7,1,3
31,1,5,0,5,18,2,8,2,1,31,3,3,4,1,1,18,1,13,5,3,13,7,9,9,1,2
39,0,5,1,3,13,0,2,3,1,54,2,1,1,2,0,23,2,11,2,4,1,0,0,0,0,4
31,0,5,1,3,16,1,1,5,3,100,4,3,2,1,1,11,1,10,2,3,10,8,4,7,0,3
45,1,4,0,3,16,2,20,3,2,95,1,3,1,2,0,18,2,24,2,3,7,7,0,7,1,3
31,0,4,1,2,9,2,8,2,4,96,4,1,2,9,1,18,4,8,3,3,3,2,0,2,1,3
45,1,2,2,3,16,2,29,3,2,55,3,3,4,4,0,18,4,10,4,4,3,1,1,2,1,3
34,0,2,2,2,9,2,9,4,1,52,3,1,3,1,1,15,4,2,0,3,2,2,2,2,0,2
40,1,4,0,3,4,0,8,1,4,55,2,3,2,2,1,11,3,16,5,3,9,8,4,8,1,3
44,1,5,1,3,13,0,5,3,3,90,2,1,3,3,1,14,4,7,5,3,5,2,0,3,1,3
49,1,2,2,3,16,2,5,4,1,96,3,2,3,2,1,14,2,20,0,2,3,2,1,2,1,2
40,1,4,0,3,15,2,2,3,3,68,3,1,3,2,1,14,3,8,3,4,3,1,1,2,1,4
44,1,5,1,3,16,2,20,3,4,49,3,1,2,1,1,13,3,6,3,2,5,2,1,3,1,3
33,1,4,2,5,18,1,7,3,4,54,3,2,1,0,1,14,1,5,2,3,4,3,0,3,1,3
34,1,1,1,5,18,2,3,3,4,81,1,2,1,3,1,18,4,15,2,3,13,9,3,12,1,3
30,1,5,2,5,18,2,16,1,4,96,3,2,3,8,1,15,3,4,2,2,2,1,2,2,1,3
42,0,4,1,3,13,1,9,2,1,74,3,1,4,1,1,13,3,12,3,3,12,9,5,8,1,2
44,0,3,2,5,18,1,1,5,1,79,3,2,3,7,1,12,3,11,4,2,1,0,0,0,1,3
30,1,2,0,3,15,0,7,3,3,64,3,1,3,1,1,13,2,1,2,2,1,0,0,0,1,3
57,1,5,2,3,15,2,1,2,2,93,4,2,3,0,1,24,1,13,2,2,12,9,2,8,1,2
49,1,5,0,3,16,2,7,4,3,35,3,3,2,3,1,14,2,29,3,3,8,7,0,7,1,3
34,1,4,0,3,4,1,15,3,2,71,3,4,1,7,1,14,4,16,3,2,14,8,6,9,1,2
28,1,2,2,5,14,1,1,3,1,92,3,1,3,3,1,15,4,5,3,4,3,2,1,2,0,2
34,0,4,1,5,18,2,24,4,1,40,2,2,2,0,0,23,3,16,2,4,15,9,10,10,0,2
35,1,5,2,5,14,2,7,1,4,76,3,1,3,1,1,13,1,1,3,3,1,0,0,0,1,3
24,0,5,2,5,14,0,13,2,4,78,3,1,2,1,1,13,3,1,2,3,1,0,0,0,1,3
44,1,4,1,3,16,1,2,1,2,86,3,3,3,5,0,18,2,16,2,2,2,2,2,2,1,2
29,1,5,0,5,18,2,19,3,3,77,2,2,3,1,1,14,3,10,3,3,10,7,0,4,1,3
55,1,5,2,3,16,2,4,4,4,30,3,2,3,0,0,16,2,4,2,3,3,2,1,2,1,3
33,0,4,2,3,16,2,4,4,1,82,2,1,2,8,1,11,4,8,5,3,5,4,0,2,1,3
47,0,4,2,5,18,2,14,3,3,78,3,2,3,3,0,17,3,11,4,2,5,4,1,2,1,3
28,1,4,1,3,13,1,2,2,3,38,2,1,1,7,1,11,3,8,2,2,0,0,0,0,0,3
28,1,5,0,3,16,2,1,3,1,72,2,1,3,1,1,14,4,1,2,1,1,0,0,0,1,3
28,1,5,1,5,18,1,7,3,3,55,3,2,1,0,1,14,4,5,5,3,4,2,1,3,1,3
49,0,4,2,3,13,2,3,2,3,43,2,2,1,4,1,25,1,10,3,3,3,2,1,2,1,4
29,0,5,2,3,13,1,2,1,4,97,3,1,2,0,1,13,3,4,3,3,3,2,0,2,1,3
28,1,5,2,3,16,2,29,1,3,96,1,2,2,1,1,14,2,8,2,2,8,6,1,7,1,3
33,1,5,1,3,6,2,8,5,4,69,3,2,3,2,0,17,1,14,6,3,0,0,0,0,1,3
32,1,4,1,3,11,2,10,3,3,64,3,3,4,2,1,25,2,10,5,4,5,2,0,0,1,3
54,0,4,0,3,16,1,11,4,2,87,3,4,4,3,1,20,1,26,2,3,14,9,1,12,1,2
29,1,2,1,3,15,2,1,4,1,100,2,1,1,6,1,13,3,11,2,1,9,7,0,7,0,3
46,0,5,2,5,11,2,3,3,3,51,3,4,2,8,1,12,4,23,2,4,13,12,5,1,1,3
35,0,5,1,3,16,2,16,3,4,91,2,3,2,1,1,19,4,11,3,1,11,8,3,3,1,3
23,1,5,1,3,13,2,20,1,1,97,3,2,3,0,1,14,2,5,2,3,4,3,1,2,1,2
40,1,5,1,3,13,2,9,4,4,86,3,1,1,3,1,14,2,15,3,1,5,4,1,0,0,3
34,1,2,2,5,18,2,1,3,4,64,2,3,3,1,0,14,4,10,3,3,10,9,8,6,1,3
50,1,4,1,3,4,1,22,5,3,88,1,4,4,1,0,13,4,32,2,3,32,6,13,9,1,3
42,1,4,2,3,16,2,2,3,3,68,2,1,2,4,1,14,2,4,3,3,1,0,0,0,1,3
37,1,4,2,3,15,2,13,3,1,47,3,2,4,1,1,17,1,10,2,3,10,8,3,7,1,2
29,0,1,2,3,6,2,8,1,3,39,1,2,1,3,1,13,3,9,3,3,7,7,0,7,1,3
33,1,5,1,3,7,2,25,3,4,44,2,2,2,1,1,13,4,5,2,3,5,3,0,2,1,3
45,1,2,2,3,15,2,28,3,4,97,3,1,4,4,1,20,4,8,3,3,5,4,0,3,1,4
42,1,5,2,3,6,1,2,3,4,40,3,3,4,2,0,14,3,24,3,1,20,8,13,9,1,3
40,1,4,2,5,18,2,9,2,1,47,3,2,1,0,1,12,4,9,5,4,8,4,7,1,1,2
33,1,5,2,3,13,2,28,4,2,79,3,2,3,1,0,12,2,15,3,3,15,14,5,7,1,2
40,1,4,1,2,11,2,6,2,3,38,3,4,4,1,0,21,4,21,2,3,21,7,7,7,1,4
24,1,2,0,3,13,2,21,2,3,57,2,1,1,0,1,14,2,2,3,3,1,1,0,0,1,3
40,1,5,0,3,16,0,8,2,4,72,3,2,4,3,0,18,3,8,2,3,2,2,2,2,1,3
45,1,2,0,3,6,2,1,4,1,66,3,3,2,1,1,12,1,10,4,3,10,8,7,7,1,2
35,0,5,2,5,14,2,28,4,2,98,2,1,3,0,1,23,1,6,5,3,5,3,4,2,1,2
36,1,5,1,5,14,2,2,4,3,70,3,1,4,3,0,21,4,7,3,2,3,2,1,2,1,4
48,0,5,0,5,18,2,16,4,3,96,3,2,3,8,1,14,3,18,2,3,8,7,7,7,1,3
33,1,5,2,5,18,2,8,4,1,46,3,2,1,2,1,13,4,8,6,1,2,2,2,2,1,2
30,1,5,2,5,18,2,1,3,2,64,2,2,1,1,1,11,4,10,4,3,10,8,6,7,0,2
38,1,0,2,2,9,1,10,4,3,71,3,2,3,3,1,11,3,10,2,3,6,3,1,2,1,3
30,1,2,2,5,18,2,29,4,3,33,3,3,2,3,1,12,2,9,3,3,4,2,1,3,1,3
35,0,5,0,3,13,2,2,3,1,69,3,1,1,1,0,12,4,1,2,3,1,0,0,0,0,3
53,0,2,2,3,7,2,2,5,3,78,2,3,4,0,1,16,2,34,4,3,33,7,1,9,0,3
38,1,4,2,3,7,2,2,3,3,81,3,2,2,4,1,11,1,7,2,3,5,2,1,4,0,3
48,0,1,2,3,16,2,15,4,3,65,3,1,1,8,1,12,4,10,3,2,8,2,7,6,1,3
34,1,4,1,3,15,2,7,4,1,35,3,1,4,1,1,13,3,1,4,1,1,0,0,0,1,3
55,1,3,2,5,11,2,26,5,3,60,2,5,4,1,1,21,3,36,3,3,36,6,2,13,1,4
34,1,5,2,3,16,2,1,4,2,45,3,2,4,9,1,17,2,9,3,2,2,2,2,1,1,2
38,1,5,2,5,18,2,14,3,3,80,3,2,2,0,1,11,4,10,3,3,9,8,7,7,1,3
36,0,5,1,5,18,2,1,4,2,73,3,2,3,6,1,13,1,15,5,3,1,0,0,0,1,3
29,1,4,1,3,16,2,3,1,2,87,3,1,1,1,0,18,4,10,3,3,10,9,1,5,1,2
35,0,4,1,3,6,2,10,4,1,51,3,2,3,3,0,16,3,10,4,3,5,2,0,4,1,3
39,1,4,2,5,18,2,6,3,4,38,4,3,3,2,1,11,1,11,3,3,7,6,7,6,1,3
29,1,5,0,1,10,1,2,1,1,87,3,2,4,1,1,19,4,6,0,4,6,4,1,3,1,2
50,1,3,2,5,11,2,9,3,3,59,3,5,3,4,0,16,3,27,2,3,1,0,0,0,1,3
23,1,2,2,1,10,2,10,3,4,45,4,1,3,2,1,16,4,4,2,3,2,2,2,2,1,3
35,1,5,2,1,10,2,28,3,2,46,4,2,3,1,1,17,4,10,3,2,10,9,6,8,1,2
34,1,2,2,1,10,1,10,4,4,92,2,2,3,1,1,14,2,8,3,2,8,2,7,7,1,3
43,1,2,0,1,10,2,27,3,4,87,4,1,2,5,1,12,3,8,0,3,6,4,0,2,1,3
28,1,4,2,1,10,2,24,3,3,51,3,1,2,1,0,17,3,1,3,3,1,1,0,0,0,3
22,0,1,2,1,10,0,26,2,2,85,2,1,3,1,0,14,2,4,2,2,4,2,1,3,1,2
50,1,4,2,1,10,1,20,5,2,41,3,4,3,2,0,15,3,32,3,3,30,8,12,13,1,2
32,0,1,2,1,10,2,5,4,2,35,4,1,4,3,1,17,4,6,3,3,3,2,0,2,1,3
44,0,4,0,1,10,2,7,3,2,31,3,5,4,0,0,14,4,23,4,2,22,7,1,10,1,2
30,1,4,2,1,10,2,7,3,2,48,2,1,2,1,1,12,2,6,3,2,6,4,1,1,1,2
45,0,4,1,1,10,2,5,5,3,50,1,2,1,1,0,14,1,10,3,3,10,7,1,4,1,3
45,1,3,2,5,18,0,26,3,1,52,2,2,1,1,1,15,1,10,2,3,10,7,4,5,1,2
31,1,1,1,5,18,1,2,4,4,54,3,2,1,7,1,13,4,10,3,3,5,2,0,3,1,3
36,0,5,2,1,10,2,12,4,3,76,3,2,3,9,0,12,2,7,2,3,3,2,1,1,1,3
34,1,5,0,1,10,1,10,4,3,42,4,2,4,1,1,13,1,9,3,3,9,7,7,2,1,3
49,0,5,2,1,10,2,25,4,3,84,3,1,1,1,1,14,4,10,3,2,9,6,1,4,1,3
27,1,1,0,1,10,2,19,3,4,67,2,1,1,1,1,11,1,7,3,3,7,7,0,7,1,3
35,1,5,2,1,10,2,18,5,2,48,4,2,1,1,1,11,4,16,2,3,16,15,1,10,1,2
28,0,4,0,1,10,2,27,3,2,39,1,2,1,0,1,21,2,6,5,2,5,3,0,0,1,3
21,1,4,1,1,10,2,5,1,3,97,3,1,4,1,1,18,3,3,2,3,2,2,2,2,1,3
18,0,4,1,5,14,1,3,2,2,70,3,1,4,1,0,12,3,0,2,4,0,0,0,0,0,3
47,0,5,2,2,11,2,26,4,4,98,3,5,3,3,1,11,3,27,2,3,5,2,1,0,1,3
39,1,4,0,1,10,2,3,2,3,76,2,2,3,0,1,15,4,11,3,3,10,8,0,7,1,3
35,0,5,2,1,10,0,8,4,3,52,3,2,3,1,1,12,4,15,5,3,14,11,2,9,1,3
37,1,5,2,1,10,2,19,3,3,85,3,2,3,3,1,17,1,9,2,2,4,3,0,2,1,3
39,0,4,1,1,10,1,4,3,1,81,3,2,3,0,1,13,4,10,2,1,9,2,3,8,1,2
38,0,4,2,1,10,2,2,2,4,54,2,3,3,3,0,19,4,10,6,4,5,4,0,2,1,3
37,0,4,2,1,10,2,10,3,2,71,3,1,2,1,1,11,1,8,2,1,8,4,7,7,1,2
40,0,5,1,1,10,2,16,3,3,84,3,3,4,6,0,15,4,18,2,2,4,2,3,3,1,3
44,1,0,2,2,9,1,1,5,1,37,3,2,4,4,0,11,3,14,3,3,10,7,0,2,1,3
35,1,4,0,5,18,2,15,2,1,59,1,2,4,6,0,14,4,7,2,2,2,2,2,2,0,2
24,0,2,1,1,10,1,2,1,1,32,3,1,4,1,0,13,3,6,2,3,6,3,1,3,1,2
27,0,4,2,1,10,2,8,3,2,86,4,1,3,7,1,17,1,5,0,3,3,2,0,2,1,3
27,1,4,1,1,10,1,2,3,4,87,3,1,4,2,1,13,3,6,0,2,4,2,1,2,1,3
25,1,5,0,1,10,1,2,1,4,77,4,2,3,1,1,17,3,7,6,3,7,7,0,7,1,3
39,1,4,2,1,10,2,12,3,4,66,3,2,2,4,1,21,3,7,3,3,5,4,1,0,1,4
49,0,1,2,1,10,2,22,4,1,72,3,4,2,3,1,16,2,27,2,3,4,2,1,2,1,2
50,0,5,0,1,10,2,17,5,4,50,2,3,1,5,1,15,3,19,3,3,14,11,1,11,1,3
20,0,4,1,5,14,2,2,3,3,31,3,1,3,1,1,19,1,2,3,3,2,2,2,2,1,3
34,0,5,0,1,10,2,3,3,4,66,3,2,2,1,1,12,3,11,2,3,11,8,7,9,1,3
36,1,5,1,1,10,2,7,3,1,77,3,1,2,2,1,11,3,15,4,3,4,3,1,3,1,2
49,0,5,2,1,10,2,6,1,3,41,2,4,3,2,0,19,2,30,3,3,15,11,2,12,1,3
36,0,4,2,1,10,0,1,4,4,33,2,2,3,0,1,15,3,4,6,3,3,2,1,2,1,3
36,1,5,0,1,10,2,3,2,4,79,4,2,1,6,1,20,1,13,3,3,5,4,0,4,1,4
54,0,4,2,1,10,2,22,5,2,91,3,4,3,3,1,25,3,36,6,3,10,8,4,7,1,2
43,1,5,2,1,10,2,15,2,3,65,2,4,3,1,1,24,1,14,3,3,14,10,6,11,1,4
35,1,1,1,5,18,1,12,4,4,36,3,2,4,3,0,24,1,13,2,4,11,9,6,7,0,4
29,1,4,0,5,18,2,5,3,1,43,2,2,2,1,0,13,2,10,3,2,10,0,0,9,1,3
33,1,4,0,5,18,2,2,4,4,93,3,2,4,1,1,14,3,6,5,3,6,2,0,4,1,3
32,1,4,0,1,10,2,2,3,4,45,3,2,2,0,1,13,3,10,4,2,9,5,1,6,1,3
31,0,5,2,5,18,2,5,4,1,67,3,2,4,1,1,11,1,10,2,3,10,0,0,2,1,3
49,0,4,0,1,10,2,16,3,4,74,3,1,1,4,0,16,2,17,2,2,2,2,2,2,1,3
20,1,5,1,5,14,2,9,1,4,54,3,1,1,1,1,11,1,2,3,3,2,2,0,2,1,3
33,0,5,0,5,18,0,16,3,3,36,3,2,4,1,0,25,3,7,2,3,6,5,1,2,1,4
36,1,5,2,1,10,2,26,4,1,80,3,2,3,6,1,14,2,10,2,2,3,2,0,2,1,3
44,0,5,0,2,9,2,1,3,3,44,3,1,4,4,0,18,1,8,2,3,2,2,2,2,1,3
23,1,4,1,1,10,2,8,1,4,93,2,1,3,1,0,11,1,5,2,3,5,4,1,2,0,3
38,0,4,2,1,10,2,4,2,4,87,3,1,3,7,1,19,4,7,5,2,0,0,0,0,1,3
53,1,4,2,1,10,2,24,4,2,48,4,3,4,3,1,15,3,11,2,3,4,3,1,2,1,2
48,0,4,2,5,14,1,7,2,4,95,3,1,3,2,0,11,3,19,3,3,9,7,7,7,0,3
32,1,5,1,1,10,2,2,4,4,95,3,1,2,1,1,12,1,1,2,3,1,0,0,0,0,3
26,1,4,1,1,10,0,7,3,4,76,3,1,4,1,1,20,3,7,5,3,7,7,5,7,1,4
55,1,2,0,1,10,2,22,3,1,94,2,1,2,5,1,12,4,8,1,3,4,2,1,2,1,2
34,1,4,2,3,16,2,5,2,2,57,2,2,4,1,1,14,3,15,3,4,15,10,4,13,1,2
60,1,4,0,3,6,2,1,4,3,92,1,3,4,3,1,20,3,19,2,4,1,0,0,0,1,4
37,1,4,0,5,18,1,1,4,3,31,1,2,4,1,1,14,3,6,2,2,6,3,1,3,1,3
34,0,5,2,3,15,2,19,3,2,35,2,1,4,1,1,12,2,10,3,3,10,9,8,7,1,2
44,0,5,2,3,6,2,2,3,3,96,4,3,4,1,0,19,2,9,2,3,8,7,6,7,1,3
43,1,4,2,5,18,2,2,3,4,73,3,2,4,1,0,17,1,10,3,3,10,9,8,8,1,3
29,0,4,2,3,16,2,9,4,4,43,3,1,3,9,1,17,3,9,2,3,5,3,1,2,1,3
36,0,5,1,5,14,2,2,4,3,51,3,2,4,3,1,15,3,17,2,2,13,7,6,7,1,3
45,1,5,2,3,16,0,1,1,3,74,2,3,3,3,1,23,4,25,3,2,23,15,14,4,1,4
26,1,4,2,3,13,2,17,4,4,62,1,1,3,1,1,15,3,3,3,4,3,2,0,2,1,3
45,0,2,1,3,16,2,28,2,4,48,2,4,2,1,1,11,3,21,2,3,21,6,8,6,1,3
31,1,5,2,3,13,2,2,4,2,69,3,1,3,1,1,14,4,6,2,4,5,2,0,3,1,3
41,1,0,2,2,9,0,4,3,3,60,1,2,2,6,1,19,2,10,4,3,3,2,1,2,1,3
40,0,5,2,3,7,2,8,2,2,92,3,2,1,2,0,16,2,18,3,3,1,0,0,0,1,3
24,1,4,0,3,13,2,29,1,2,91,3,1,1,1,1,13,2,6,2,4,6,2,1,2,1,2
46,1,5,1,3,6,2,13,4,3,34,3,2,2,6,1,14,4,19,3,3,10,7,0,9,1,3
30,1,5,2,3,15,2,16,1,2,33,3,1,4,1,1,12,2,10,2,2,10,0,0,8,1,3
47,1,3,2,5,18,0,2,4,3,87,3,2,2,7,1,11,4,4,3,1,1,0,0,0,1,3
46,1,5,0,5,18,2,2,3,3,74,3,3,4,4,0,12,2,13,5,2,10,6,0,3,1,3
36,1,3,0,5,18,2,13,5,2,96,2,2,1,5,0,13,2,16,3,3,2,2,2,2,0,2
32,1,5,1,5,18,2,1,2,1,34,1,2,2,6,1,15,2,10,2,3,0,0,0,0,0,3
31,0,2,1,3,7,1,24,1,4,30,3,2,4,2,1,20,4,9,3,2,5,4,1,4,1,4
39,1,5,2,3,13,0,1,3,4,77,3,2,4,1,0,15,4,9,2,3,9,8,5,8,1,3
32,1,5,2,5,18,2,19,3,4,80,1,3,3,3,1,13,3,10,2,1,4,3,0,2,1,3
40,1,4,1,5,11,2,7,4,2,88,3,5,2,1,1,14,2,21,3,2,21,8,12,8,1,2
45,0,5,2,2,9,2,4,3,3,56,1,3,3,4,1,21,3,9,2,4,5,0,0,3,1,4
30,0,2,1,3,16,1,2,4,4,78,2,1,1,0,1,16,4,10,2,3,9,7,0,7,1,3
24,1,4,2,2,9,1,10,3,1,59,3,1,4,0,1,14,4,3,2,3,2,2,2,1,1,2
30,0,0,0,2,9,1,8,3,3,66,2,1,4,6,1,11,3,6,0,2,4,2,1,2,0,3
31,1,2,2,5,18,2,5,3,1,51,3,2,3,1,1,19,3,6,3,3,5,2,0,2,1,4
27,0,4,1,3,16,2,8,3,3,67,3,1,4,1,1,11,3,6,5,2,6,2,1,4,1,3
29,0,3,1,5,14,2,9,3,2,52,1,1,2,1,1,13,3,2,3,3,2,2,2,2,0,2
29,1,5,1,3,6,1,1,3,4,70,4,2,3,8,0,12,4,10,5,4,3,2,0,2,1,3
30,1,3,0,5,18,2,15,2,3,94,2,3,1,2,1,11,1,12,2,3,7,7,1,7,1,3
34,1,4,2,3,15,2,2,4,4,97,4,1,4,0,0,14,1,6,3,3,5,0,1,2,1,3
33,0,3,1,5,18,0,2,3,4,62,3,2,2,8,1,15,4,13,2,2,11,7,1,7,1,3
49,0,3,1,5,18,2,11,4,4,80,3,2,4,3,1,12,3,8,1,4,5,1,0,4,1,3
33,0,5,1,5,18,2,16,3,1,74,3,3,1,2,0,20,3,11,2,2,0,0,0,0,0,4
38,0,4,2,3,13,1,2,2,3,75,2,1,2,4,1,14,2,9,4,2,6,1,0,5,1,3
32,1,2,1,3,15,0,5,4,2,65,3,1,2,2,1,14,2,12,3,3,7,7,0,7,1,3
38,1,4,2,3,6,2,18,3,2,60,1,2,4,3,0,16,3,15,2,3,1,0,1,0,1,3
43,1,2,2,3,15,1,17,3,3,38,2,1,3,9,0,16,4,6,4,3,1,0,0,0,0,3
55,1,4,2,3,4,2,2,3,3,60,2,5,1,8,1,12,2,34,2,3,1,0,0,0,1,3
33,1,2,0,3,15,0,4,3,4,90,3,2,2,5,1,15,4,11,2,2,9,8,1,7,1,3
41,1,5,0,3,13,2,9,4,3,94,3,1,1,1,1,20,2,5,2,3,5,3,0,4,1,4
34,1,5,0,5,18,0,10,3,4,87,3,2,3,1,0,14,3,15,3,3,15,14,0,7,1,3
53,0,4,2,3,7,0,1,4,1,60,2,4,3,4,0,20,4,27,2,2,3,2,0,2,1,3
43,1,5,1,2,9,2,2,3,2,97,3,1,4,0,1,13,2,10,5,3,9,7,1,8,1,2
34,0,5,1,5,18,2,3,2,4,32,1,2,4,5,1,12,1,6,3,3,2,2,2,2,1,3
21,1,3,1,5,14,2,7,1,2,31,3,1,2,1,1,13,2,1,3,3,1,0,1,0,0,3
38,0,1,2,3,16,2,6,2,4,40,2,1,3,1,1,11,2,5,3,3,5,4,0,4,1,3
22,0,4,2,3,16,2,8,1,3,79,3,1,1,1,0,17,3,1,6,3,1,0,0,0,0,3
31,0,3,2,5,18,2,29,4,1,91,2,2,4,1,1,14,1,13,3,3,12,7,5,7,1,2
46,1,4,0,3,4,2,2,4,3,46,3,5,4,7,0,17,3,24,3,3,2,1,2,2,1,3
36,1,5,2,3,16,2,10,3,4,90,3,3,1,7,0,13,4,15,1,3,12,8,5,7,1,3
44,1,4,0,3,15,1,1,2,3,99,3,1,2,1,0,12,3,6,2,2,5,3,2,3,0,3
37,1,1,0,2,9,2,8,2,3,89,3,2,2,2,1,13,3,19,4,2,10,0,4,7,1,3
33,1,5,2,3,15,2,8,4,4,90,4,1,1,6,1,19,2,14,1,3,10,8,7,6,1,3
46,1,5,1,5,18,0,26,2,2,98,2,2,2,8,1,15,3,6,3,3,2,2,2,2,1,2
40,0,5,2,3,13,2,2,2,3,99,3,1,1,4,1,17,4,7,5,2,4,3,0,2,1,3
35,1,4,0,3,16,0,2,2,2,90,3,2,4,2,1,14,3,15,6,3,7,7,1,7,1,2
38,1,0,0,2,9,0,2,3,1,100,3,1,2,5,1,13,4,13,3,3,11,10,3,8,1,2
34,1,5,2,3,13,1,9,4,4,93,3,2,1,4,1,17,3,11,3,2,7,1,0,7,0,3
39,1,5,0,5,18,1,20,3,3,83,3,2,4,2,1,18,4,7,6,3,2,1,2,2,1,3
43,1,5,1,3,15,0,9,3,1,52,3,1,3,4,1,13,3,7,2,2,3,2,1,2,1,2
41,1,5,1,3,6,2,5,3,2,85,4,2,2,3,1,12,1,11,3,1,3,2,1,2,1,2
41,0,3,0,5,18,2,4,1,3,81,3,3,3,0,0,13,4,23,3,4,22,14,13,5,1,3
34,1,2,2,5,18,2,8,2,2,92,4,2,3,1,1,21,3,10,5,3,10,8,4,8,1,2
58,1,4,0,5,11,0,2,3,2,52,3,4,2,4,1,22,4,37,0,2,16,9,14,14,1,2
35,1,4,2,3,13,2,23,4,2,91,1,1,3,0,1,16,2,6,2,4,5,4,0,3,1,3
47,0,5,0,3,16,2,4,3,3,92,2,3,2,8,0,12,3,28,4,3,22,11,14,10,1,3
40,0,5,0,3,6,2,12,3,2,47,3,2,1,2,1,12,2,15,3,3,7,4,7,7,1,2
54,0,4,2,3,15,2,7,4,4,68,3,2,4,4,1,15,2,14,2,2,7,1,1,7,1,3
31,0,3,2,5,18,1,7,4,1,68,3,3,1,2,1,14,4,9,3,3,3,2,2,2,1,2
38,0,3,2,5,14,2,2,4,2,77,1,2,4,2,0,20,1,20,4,2,4,2,0,3,1,3
26,1,4,1,5,18,2,10,3,3,46,3,2,4,1,1,13,1,5,4,3,5,3,1,2,1,3
58,1,5,2,3,16,1,15,4,1,87,3,4,3,2,0,14,2,23,3,3,2,2,2,2,1,2
18,0,4,1,3,16,0,14,3,2,33,3,1,3,1,1,16,3,0,4,1,0,0,0,0,1,3
31,1,0,2,2,9,2,18,5,4,89,4,1,1,0,1,17,3,2,4,3,1,0,0,0,0,3
45,0,5,2,5,18,0,2,4,3,67,3,2,3,4,1,22,2,10,3,4,8,7,5,7,1,4
36,0,1,2,3,15,2,2,4,4,73,3,2,2,4,0,22,4,15,2,3,1,0,0,0,1,4
43,1,5,2,5,18,1,2,4,1,92,3,2,4,1,1,20,3,7,5,3,7,7,7,7,1,2
27,0,5,1,3,16,1,5,2,4,53,3,1,4,0,0,14,3,6,3,2,5,4,0,2,1,3
29,1,4,2,3,13,1,20,1,4,40,3,1,4,1,1,13,2,11,3,4,11,8,3,10,1,3
32,1,3,1,5,18,1,10,4,4,79,3,2,4,8,1,13,3,4,2,4,0,0,0,0,1,3
42,1,2,2,3,15,0,10,4,3,38,3,1,3,3,1,22,2,10,1,2,6,3,3,3,1,4
47,0,5,1,3,13,2,9,4,2,64,3,1,3,4,1,12,3,7,2,3,2,2,2,0,1,2
46,1,5,0,3,7,2,2,2,4,82,3,3,4,3,1,14,3,12,4,2,9,8,4,7,1,3
28,1,5,0,2,9,0,1,2,3,43,3,1,4,1,1,15,2,3,2,3,3,2,2,2,1,3
29,1,5,0,3,6,2,29,1,4,93,1,2,3,8,1,17,4,11,3,3,7,0,1,6,1,3
42,1,5,1,3,16,2,8,3,4,81,3,1,3,4,1,13,4,8,3,3,0,0,0,0,1,3
32,1,3,1,5,18,2,2,4,3,82,2,2,2,7,0,12,3,7,3,2,2,2,2,2,0,3
46,0,2,0,5,18,2,3,3,1,45,4,4,1,2,1,12,4,25,5,3,19,17,2,8,1,2
27,0,4,2,5,14,2,23,1,2,36,2,2,3,1,1,21,4,9,5,3,9,8,5,8,1,2
29,1,4,2,2,9,2,6,1,4,87,2,1,2,1,1,11,4,1,3,3,1,0,0,0,1,3
48,1,5,2,3,16,2,10,3,4,91,2,5,2,4,1,12,4,29,3,3,22,10,12,9,1,3
29,1,5,1,3,15,1,24,2,4,73,2,1,4,1,0,24,2,1,3,2,1,0,1,0,0,4
55,1,2,2,3,15,2,2,4,2,98,2,1,4,8,1,20,2,19,2,4,5,2,0,4,1,3
28,0,4,2,5,14,2,3,3,2,78,3,1,2,1,1,19,4,1,3,3,1,0,0,0,1,3
30,1,4,1,5,14,2,9,3,2,89,3,1,4,1,1,13,3,1,3,2,1,0,0,0,0,3
22,1,5,1,3,15,2,7,1,4,75,3,1,2,1,0,23,1,1,2,3,1,0,0,0,0,4
36,0,2,2,5,18,2,10,4,2,63,2,2,3,1,0,13,1,10,4,3,10,9,1,7,1,2
34,1,5,2,5,18,2,4,3,3,64,3,3,4,2,0,13,4,9,3,3,5,3,1,0,1,3
29,1,5,1,3,13,2,7,3,4,59,3,1,1,3,1,14,2,11,2,3,3,2,1,2,1,3
37,1,4,2,3,15,2,7,4,4,78,3,2,1,5,0,22,3,16,2,3,5,3,0,4,1,4
35,0,1,2,3,7,2,16,2,4,44,2,2,2,0,0,11,4,4,2,3,3,2,0,2,1,3
45,0,5,2,3,7,2,25,2,2,93,2,2,4,0,1,13,4,10,2,2,9,8,3,8,1,2
36,1,0,1,2,9,1,2,1,2,94,2,2,4,1,1,21,4,10,2,2,10,1,0,8,1,4
40,1,5,0,3,16,2,1,4,1,98,3,4,1,2,1,11,1,22,3,3,19,7,11,16,1,2
26,0,5,2,3,15,2,1,2,2,90,2,1,3,1,0,13,3,1,3,2,1,0,1,0,1,3
27,0,4,1,5,18,2,2,2,1,89,4,2,3,0,1,14,2,9,5,2,8,7,0,7,1,3
48,0,4,0,3,11,1,22,3,4,58,3,4,4,3,1,11,2,24,3,3,22,17,4,7,1,3
44,1,5,2,3,6,2,1,4,2,78,4,2,1,2,1,15,4,10,5,3,2,0,2,2,1,3
34,1,2,2,3,15,0,16,4,4,85,1,1,1,1,0,23,2,5,2,3,5,2,3,0,0,4
56,1,5,1,3,16,2,24,2,1,97,3,1,4,1,1,16,4,5,3,3,4,2,1,0,0,2
36,1,3,2,5,18,2,17,2,3,33,2,2,2,2,1,16,3,12,1,1,4,2,1,3,1,2
41,0,3,2,5,18,2,8,3,3,54,3,2,2,5,1,21,3,14,3,3,5,4,1,4,1,4
42,1,4,2,3,16,2,6,3,3,83,3,3,1,9,1,13,2,18,3,4,13,7,5,7,1,3
31,0,4,0,5,18,2,10,2,3,86,3,2,4,2,0,11,4,8,2,3,5,2,1,4,1,3
34,0,4,2,5,18,2,3,1,4,75,2,2,4,3,0,12,3,9,3,2,4,2,0,1,1,3
31,0,4,0,3,13,2,4,3,1,62,4,1,3,8,1,12,2,4,0,2,2,2,2,2,1,2
26,1,1,2,3,16,1,6,3,3,61,4,1,4,0,1,18,1,8,3,3,7,7,7,7,1,3
45,1,4,1,3,16,1,1,4,2,44,3,2,3,4,1,12,3,12,3,3,4,2,0,3,1,3
33,1,3,1,5,18,2,10,4,2,43,3,2,3,1,1,14,2,10,2,2,10,4,0,9,1,3
28,1,5,2,5,18,1,1,2,3,42,2,2,4,1,0,12,3,7,2,3,7,7,0,7,1,3
39,0,5,2,5,18,0,21,4,1,32,1,2,3,6,1,19,3,10,1,3,3,2,1,2,1,2
27,1,2,2,3,16,2,2,4,2,41,3,1,2,1,1,11,3,6,3,2,5,3,1,2,1,2
34,1,1,2,3,15,1,22,4,3,86,2,2,4,1,0,15,2,16,3,3,15,10,6,11,1,3
47,1,2,2,3,16,0,14,4,3,64,3,2,2,8,1,18,3,16,4,4,8,7,1,7,1,3
56,0,3,2,5,18,2,11,5,4,89,2,2,1,4,1,16,3,6,3,3,0,0,0,0,1,3
38,0,4,0,3,16,1,8,3,4,58,2,2,2,1,0,16,3,20,3,3,20,11,0,7,1,3
58,0,5,2,5,11,2,21,3,4,72,3,4,4,4,0,13,3,29,2,2,1,0,0,0,1,3
32,0,5,1,3,15,1,5,2,1,47,4,1,3,3,0,14,1,8,2,3,4,1,0,3,0,3
38,1,5,0,3,16,2,9,2,2,71,3,1,4,2,1,19,4,10,0,4,5,2,0,3,1,4
49,1,5,2,3,16,1,2,1,2,42,3,5,4,3,1,15,4,28,3,3,5,4,4,3,1,2
42,1,3,0,5,18,2,12,4,2,77,3,2,4,3,0,12,3,14,4,3,0,0,0,0,1,3
27,0,0,2,2,9,1,22,3,1,58,2,1,2,1,1,12,1,1,2,3,1,0,0,0,0,3
35,1,4,2,5,18,2,18,4,2,71,3,2,1,0,1,16,4,6,2,1,5,3,0,4,1,2
28,1,4,1,3,16,0,16,3,3,49,3,1,3,1,1,14,3,5,3,2,5,3,1,4,1,3
31,1,4,0,3,15,0,3,2,3,48,3,1,1,1,0,13,4,4,3,4,4,2,2,3,1,3
36,1,5,2,3,16,0,9,4,1,66,4,1,2,1,1,22,2,5,3,3,5,4,0,2,1,3
34,1,3,1,5,18,2,1,3,1,32,3,3,4,1,1,21,1,14,3,2,14,8,2,1,1,2
34,1,4,0,5,18,2,13,4,4,39,3,3,3,1,1,18,3,9,2,2,8,7,1,1,1,3
26,1,4,1,3,13,2,1,3,3,95,3,1,1,0,1,13,4,8,6,2,7,7,7,6,1,3
32,0,4,0,3,16,0,15,4,3,34,3,2,4,5,1,18,2,9,6,3,5,1,1,2,1,3
28,1,2,0,3,16,2,17,3,3,32,2,1,4,5,1,12,1,6,2,2,4,1,0,3,0,3
38,1,5,1,5,14,2,1,3,1,59,2,1,1,4,1,14,1,20,3,2,1,0,0,0,1,3
35,0,5,2,5,18,2,7,4,3,55,3,2,4,1,0,11,4,10,2,3,10,8,0,9,1,3
27,1,3,1,5,18,2,9,3,4,44,3,2,4,1,1,14,1,7,5,3,7,7,0,7,1,3
32,1,5,1,3,16,2,5,4,4,56,2,2,4,8,1,24,2,8,1,3,1,0,0,0,1,4
31,1,3,2,5,18,1,26,4,1,63,3,2,4,1,0,11,3,10,4,3,10,7,0,8,0,3
53,1,5,1,5,18,2,24,4,1,66,3,3,1,6,0,13,2,15,2,2,2,2,2,2,0,2
54,0,5,2,3,15,2,9,2,1,67,3,2,3,3,1,11,3,9,6,2,4,3,2,3,1,2
33,1,5,0,3,16,1,7,2,4,36,3,2,3,1,1,20,3,9,2,3,9,7,2,8,1,4
43,1,5,2,3,6,2,11,3,1,30,3,3,3,1,1,17,2,10,1,3,10,9,0,9,1,3
38,1,1,2,2,9,1,1,4,4,88,3,1,2,0,0,11,2,7,2,3,6,2,1,2,1,3
55,1,0,2,2,11,2,26,4,3,71,4,5,2,4,0,18,1,35,0,3,10,9,1,4,1,3
31,0,4,0,3,16,2,2,1,4,59,1,1,4,1,0,11,3,1,4,3,1,0,0,0,1,3
39,1,3,1,5,18,2,15,4,2,77,3,4,1,0,1,12,1,21,3,3,20,8,11,10,1,2
42,1,5,1,3,15,0,23,2,4,37,2,2,3,1,1,12,4,20,2,3,20,9,3,7,1,3
31,0,4,2,3,4,0,10,3,3,40,3,3,3,4,1,20,3,13,2,4,11,7,4,8,1,4
54,0,4,1,3,7,2,10,3,3,77,3,2,1,6,0,19,4,9,3,3,5,2,1,4,1,3
24,1,5,1,3,6,2,1,2,2,45,2,2,3,1,1,12,2,4,2,2,4,3,1,2,1,2
23,1,1,1,3,13,2,12,2,4,78,3,1,4,1,1,13,3,5,6,4,5,2,1,4,1,3
40,0,2,2,3,13,1,11,3,4,73,3,2,3,1,1,11,1,10,2,4,10,9,9,4,1,3
40,0,3,2,5,18,2,2,2,2,92,3,2,2,3,1,14,3,15,4,3,11,8,5,10,1,2
25,0,0,2,2,9,2,2,3,3,82,3,1,2,4,1,14,3,6,3,3,2,0,1,2,1,3
30,1,4,2,3,13,2,1,2,4,76,3,1,2,1,1,13,3,12,6,2,12,8,1,7,1,3
25,1,1,0,3,13,2,2,1,4,57,3,1,3,6,0,19,3,7,2,2,2,2,0,2,1,3
47,1,4,1,3,16,2,25,3,1,84,3,3,3,2,1,23,2,25,3,3,17,14,12,11,1,2
38,1,5,2,5,18,2,1,4,4,86,3,2,2,0,1,15,1,16,3,3,15,13,5,8,1,3
31,1,5,2,5,14,2,2,2,1,54,3,1,3,0,1,19,3,3,1,3,2,2,1,2,1,2
42,1,5,0,3,15,2,18,4,4,35,3,2,1,6,0,17,3,9,3,2,4,3,1,2,1,3
41,1,5,2,3,15,2,1,3,4,76,3,1,4,3,1,22,1,12,3,3,5,3,1,0,1,4
47,0,4,2,3,15,0,1,1,3,98,3,3,2,0,1,18,1,14,3,1,13,8,5,12,1,2
35,1,4,2,3,4,2,11,4,4,43,3,1,3,7,0,11,3,5,3,3,2,2,2,2,1,3
22,1,5,1,3,15,2,1,2,4,63,3,1,3,0,1,12,4,4,2,4,3,2,1,2,1,3
35,1,4,1,3,15,2,9,4,2,48,3,2,3,1,1,19,2,10,5,3,10,7,0,8,1,3
33,0,4,2,3,6,2,15,2,2,95,3,2,4,0,0,13,1,10,6,3,9,7,8,1,1,2
32,0,5,1,3,13,2,29,4,3,49,2,1,2,1,1,13,3,6,3,3,6,2,4,1,1,3
40,1,5,2,3,13,2,1,4,1,83,3,1,4,8,1,19,3,8,3,2,1,0,0,0,1,3
32,1,4,2,5,14,2,1,4,2,68,2,1,2,0,1,14,2,3,2,3,2,2,2,2,1,2
39,1,5,1,3,15,2,24,1,1,52,3,2,4,7,1,13,1,18,2,3,7,7,1,7,1,2
38,0,4,2,3,4,2,10,3,2,99,1,3,3,3,1,12,1,20,3,3,18,16,1,11,1,2
37,0,5,2,3,4,2,10,3,3,42,4,3,4,1,0,25,1,16,2,3,16,11,6,8,1,4
25,0,1,0,5,18,2,8,2,1,85,3,2,3,0,0,22,2,6,3,2,5,3,0,4,1,3
52,1,5,0,5,14,0,29,4,1,40,3,1,4,2,1,15,2,16,3,2,9,8,0,0,1,3
44,1,4,1,3,15,2,1,3,2,42,3,1,4,6,0,12,3,6,2,3,4,3,1,2,1,2
21,1,4,1,5,14,2,5,1,3,58,3,1,1,1,0,11,4,2,6,3,2,2,1,2,1,3
23,1,3,2,5,14,1,9,3,4,33,3,1,1,1,1,19,1,1,3,2,1,0,1,0,0,3
36,0,4,2,5,18,2,3,3,1,94,2,3,4,0,1,19,3,10,2,3,9,7,3,4,1,2
36,0,5,0,3,7,1,4,2,4,97,3,2,2,7,1,13,2,18,3,3,4,2,0,2,1,3
56,1,5,0,3,6,0,1,4,3,57,3,2,3,1,1,21,1,13,2,2,13,12,1,9,1,4
29,1,4,2,3,15,2,1,4,1,36,3,1,4,9,0,14,2,4,3,4,2,2,2,2,0,2
56,1,2,2,3,13,2,7,2,4,72,3,1,3,8,1,11,4,14,4,1,10,9,9,8,0,2
41,0,5,2,3,7,2,28,4,1,60,2,4,2,0,1,23,3,21,3,3,20,7,0,10,1,3
34,0,3,2,5,18,2,28,3,4,95,2,2,3,1,1,21,4,8,2,3,8,7,1,7,1,4
36,1,3,0,5,18,0,15,4,4,88,1,2,4,1,1,24,1,15,4,2,15,12,11,11,1,4
41,1,5,0,5,18,2,3,3,3,57,2,2,2,2,1,11,3,14,5,3,5,4,0,4,1,3
32,1,2,1,3,15,2,2,3,4,78,3,1,1,1,1,14,4,4,4,3,4,2,1,2,1,3
35,0,5,1,2,9,2,26,4,3,31,3,3,4,1,0,16,3,9,2,3,9,0,1,7,1,3
38,0,5,2,5,18,2,10,2,1,100,3,2,4,1,1,11,3,10,1,3,10,7,1,9,1,2
50,1,5,0,5,18,1,1,4,2,94,3,2,3,7,1,12,4,12,3,3,6,3,0,1,0,4
36,0,3,2,5,18,2,11,4,2,100,2,2,4,4,1,13,1,8,2,2,6,3,0,0,1,3
40,1,5,1,3,15,2,2,4,3,52,2,1,3,2,1,14,4,8,2,3,2,2,2,2,1,3
35,1,5,2,3,15,1,18,4,3,80,3,2,3,1,0,14,4,10,2,4,10,2,0,2,1,3
40,0,4,2,3,15,2,2,4,3,98,3,1,3,2,1,14,2,20,2,3,5,3,0,2,1,3
35,0,5,2,3,15,2,1,4,3,62,1,1,4,1,1,12,4,4,5,3,4,3,1,1,1,3
29,1,1,2,3,15,2,13,2,4,46,2,2,2,4,0,13,1,10,2,3,4,3,0,3,1,3
29,0,4,1,3,15,2,28,4,4,73,2,1,1,1,1,14,2,5,3,1,5,4,0,4,1,2
50,1,3,0,5,18,2,28,3,4,39,2,3,1,4,0,13,2,20,3,3,3,2,2,0,0,3
39,0,3,2,5,18,2,24,1,2,60,2,4,4,0,1,11,1,21,2,2,20,9,9,6,1,2
31,1,4,1,3,7,0,5,3,2,74,3,2,1,0,1,19,2,10,2,3,9,4,1,7,1,2
26,0,1,1,5,14,2,5,3,4,30,2,1,3,0,1,18,4,5,2,3,4,2,0,0,1,3
39,1,4,2,3,6,2,6,1,4,42,2,3,1,4,1,15,1,9,5,3,7,7,1,7,1,3
27,1,5,2,3,7,2,4,3,2,87,4,2,2,1,0,20,2,6,0,3,6,2,0,3,1,3
49,1,4,2,5,18,1,2,3,4,63,2,2,2,2,1,14,4,17,3,2,9,6,0,8,1,3
34,1,4,2,3,13,2,8,3,2,82,4,2,3,2,1,12,1,6,3,4,4,3,1,2,1,3
41,0,5,1,5,18,2,1,2,2,94,3,2,4,8,0,11,1,8,0,1,6,4,0,5,0,2
27,1,4,2,4,17,2,2,1,1,40,3,1,2,9,1,12,4,6,3,3,2,2,2,2,1,2
32,1,5,1,4,12,1,2,2,4,79,3,1,4,0,1,13,3,8,2,2,7,7,3,6,1,3
59,0,4,2,4,12,2,3,3,3,81,4,1,1,4,0,20,1,12,3,2,1,0,0,0,1,4
30,1,5,0,4,12,2,24,1,4,67,3,1,3,1,1,22,2,1,2,3,1,0,0,0,1,4
36,1,4,2,4,12,2,27,3,3,94,3,2,3,6,1,13,2,17,3,2,7,7,7,7,1,3
35,1,4,2,4,17,2,16,3,1,84,4,1,2,0,1,13,3,6,5,3,5,4,0,3,1,3
31,1,5,0,4,17,2,26,1,1,31,3,1,3,1,1,17,4,5,1,2,5,2,4,3,1,2
34,1,4,0,4,12,2,19,2,2,93,3,1,4,0,1,11,3,3,2,3,2,2,1,2,1,2
28,1,5,1,4,17,2,24,3,3,50,2,1,3,5,0,14,2,6,4,3,4,2,0,3,0,3
29,0,5,0,4,12,2,21,4,2,51,4,3,1,1,1,11,3,10,1,3,10,9,8,8,1,2
22,1,4,0,4,12,0,16,2,4,96,4,1,4,1,0,13,2,1,2,2,1,0,0,0,1,3
53,0,5,2,5,11,2,2,4,1,78,2,4,4,2,1,16,3,31,3,3,25,8,3,7,1,2
38,1,5,1,4,17,2,2,3,4,45,3,1,4,5,0,11,3,6,3,3,3,2,1,2,1,3
24,0,1,0,4,17,0,11,2,1,96,4,2,3,0,1,18,4,5,5,2,4,2,1,3,1,3
34,0,5,1,4,17,2,7,4,1,53,3,3,2,0,1,11,3,13,4,3,12,6,2,11,1,3
34,1,4,1,4,17,2,6,1,2,83,3,1,1,2,1,11,3,8,2,3,4,2,1,3,0,3
53,0,1,0,4,12,2,5,3,3,58,3,5,3,4,1,11,4,26,3,2,14,13,4,8,1,3
32,0,5,1,4,12,1,16,1,2,72,1,1,1,1,0,22,2,10,5,3,10,2,6,7,0,3
42,1,3,2,5,18,2,8,4,3,48,3,2,2,0,1,11,4,10,2,3,9,7,4,2,1,3
44,0,4,2,4,17,2,7,4,1,42,2,3,4,3,1,14,4,24,4,3,22,6,5,17,1,3
46,0,3,1,5,11,2,2,4,2,83,3,5,1,3,1,12,4,22,2,2,2,2,2,1,1,2
33,1,4,1,4,17,2,2,3,3,78,3,1,4,4,1,11,4,7,3,3,1,1,0,0,1,3
44,1,1,2,4,0,2,10,4,4,41,3,2,4,2,0,13,4,9,5,4,4,2,1,3,1,3
24,1,4,2,4,17,2,1,3,2,61,3,1,4,2,0,16,1,6,2,2,2,0,2,0,0,3
43,0,4,0,4,0,2,2,2,4,72,4,1,3,1,1,12,4,6,3,2,5,3,1,4,1,3
50,1,3,2,5,14,2,3,2,1,86,2,1,3,1,0,14,3,3,2,3,3,2,0,2,0,3
35,0,3,2,5,14,2,2,3,4,97,3,1,4,1,1,13,1,2,3,3,2,2,2,2,1,3
36,0,5,2,4,17,2,5,4,2,82,2,1,1,9,0,14,4,6,3,4,1,1,0,0,1,3
33,0,5,2,5,18,1,1,3,3,42,4,2,1,2,1,19,1,10,3,3,5,3,1,3,1,3
35,1,1,0,4,17,2,4,2,3,75,3,1,4,1,1,12,3,1,3,3,1,0,0,0,1,3
27,0,5,0,4,0,2,2,4,4,33,3,1,1,1,1,13,4,1,6,3,1,0,0,0,1,3
26,1,5,1,4,0,2,25,3,1,48,1,1,3,1,1,12,3,1,2,2,1,0,0,1,0,3
27,1,5,1,5,18,1,8,3,4,37,3,3,3,1,1,15,4,9,0,3,9,8,1,7,1,3
30,0,4,1,4,17,1,1,2,3,58,3,2,4,1,1,23,4,12,2,3,12,8,3,7,1,4
34,1,3,1,5,18,0,23,4,2,72,3,2,3,0,1,20,3,10,2,3,9,5,8,7,1,2
37,1,5,2,4,17,2,19,2,2,73,3,1,2,4,1,21,1,8,1,3,1,0,0,0,1,4
46,1,3,1,5,18,1,5,4,1,98,3,2,4,4,0,21,3,14,4,3,9,6,0,8,1,3
35,1,5,2,4,0,2,8,1,4,36,4,1,4,1,1,19,4,1,2,3,1,0,0,1,1,3
48,1,5,1,4,17,2,1,2,1,98,2,3,3,9,0,13,4,23,2,3,1,0,0,0,0,3
28,1,2,1,4,0,2,5,4,3,50,3,1,3,1,0,13,3,2,3,2,2,2,2,2,0,3
44,0,3,0,5,18,2,1,5,2,75,3,2,1,5,0,21,3,9,2,2,4,3,1,3,1,2
35,1,4,2,4,0,0,11,2,3,79,2,3,1,2,0,13,3,10,3,3,4,0,2,3,1,3
26,0,3,2,5,18,2,23,3,3,47,2,2,4,7,0,19,3,5,2,2,2,2,0,0,1,3
33,0,5,1,4,17,1,1,2,1,98,3,3,4,1,0,12,3,15,1,3,15,14,8,12,1,2
35,1,5,2,5,18,1,18,5,2,71,3,3,1,1,1,22,4,9,3,2,9,8,1,8,1,2
35,0,4,2,4,3,2,23,4,3,30,3,1,1,3,0,15,3,4,3,3,2,2,2,2,1,3
31,1,5,0,4,17,2,7,4,4,48,3,2,4,3,1,22,4,10,3,2,7,7,1,7,1,4
37,1,5,0,4,3,2,1,4,1,51,2,2,3,1,1,18,3,7,2,4,7,5,0,7,1,3
32,1,4,2,4,17,2,1,3,1,33,3,2,4,1,0,22,2,9,3,3,9,8,7,8,1,3
38,0,5,1,4,17,1,29,5,4,50,3,2,4,1,1,11,4,10,2,3,10,3,9,9,1,3
50,0,4,0,4,17,2,7,2,2,43,2,5,3,5,0,12,4,29,2,2,27,3,13,8,1,3
59,0,5,1,5,18,2,25,3,1,99,3,3,1,7,1,11,4,28,3,2,21,16,7,9,1,2
36,0,2,0,4,3,2,8,3,3,59,3,3,3,1,1,13,2,17,2,3,17,14,12,8,1,3
36,1,5,1,4,3,1,11,3,2,95,2,2,2,1,1,13,3,6,3,3,6,5,0,3,1,4
45,1,5,0,4,3,2,7,3,2,59,3,3,1,2,1,17,3,25,2,3,1,0,0,0,1,3
35,1,4,2,4,17,1,1,3,2,79,3,1,1,4,1,13,4,5,2,2,3,2,1,2,1,3
36,1,4,2,4,17,2,9,3,4,79,2,1,3,0,0,17,1,2,0,2,1,0,0,0,0,3
29,1,5,2,4,3,2,2,3,3,76,3,1,2,0,1,23,4,6,3,3,5,4,0,4,1,4
31,1,4,1,4,3,2,1,4,3,87,3,1,2,1,1,17,2,1,4,3,1,1,1,0,1,3
32,1,5,2,4,17,2,1,3,2,66,3,2,2,1,1,17,2,10,3,3,10,4,0,9,1,3
36,0,5,2,4,17,2,6,3,2,55,4,1,4,3,1,12,2,5,3,3,1,0,0,0,1,3
31,0,5,1,4,17,2,8,4,3,61,3,2,4,1,1,23,4,11,2,3,11,7,1,8,1,4
35,1,3,1,5,18,2,1,4,3,32,2,2,1,0,1,14,2,16,2,3,15,13,2,8,1,3
46,1,4,0,2,9,2,5,2,2,80,3,2,2,8,0,22,4,16,2,3,4,2,0,2,1,3
30,1,5,2,4,17,2,1,1,4,55,2,2,4,1,0,12,3,10,1,2,10,8,3,0,1,3
35,1,4,1,4,3,2,1,3,2,30,2,1,3,1,1,18,1,6,3,3,6,4,0,4,1,3
55,1,5,2,5,18,2,1,2,1,70,3,3,4,3,1,14,4,24,4,3,1,0,1,0,1,3
38,0,4,0,4,17,0,6,3,2,79,1,2,4,7,0,12,4,17,3,3,13,11,1,9,1,3
34,1,4,2,4,3,2,1,2,1,94,3,2,2,1,1,15,3,5,2,3,5,2,1,3,1,3
23,1,2,0,5,14,2,2,1,3,62,3,1,1,3,1,13,3,3,3,3,0,0,0,0,1,3
30,1,5,2,4,17,2,2,3,3,99,2,2,4,1,1,19,1,11,3,3,11,10,10,8,1,3
46,1,4,1,5,18,2,9,2,3,64,2,3,4,1,1,16,4,9,3,3,9,8,4,7,0,3
40,1,5,2,4,17,1,1,4,3,78,2,4,2,1,1,22,4,22,3,2,22,3,11,11,1,4
51,1,3,1,5,18,2,21,4,3,71,3,2,4,0,0,22,4,11,2,1,10,7,1,0,1,3
30,0,4,0,5,18,2,4,2,3,63,2,2,2,1,0,12,2,11,4,2,11,8,2,7,1,3
46,1,4,2,4,17,1,1,3,3,40,2,3,1,2,0,13,3,21,5,2,10,9,9,5,1,3
32,1,4,1,5,18,2,6,4,2,87,3,2,3,1,1,16,1,12,0,3,11,8,5,7,1,2
24,0,1,2,5,18,2,3,2,1,33,3,2,3,0,1,21,1,4,2,2,3,2,0,2,1,3
28,1,4,2,5,18,0,4,3,2,43,3,2,3,1,1,15,2,5,3,4,5,4,0,4,1,4
58,1,4,1,5,18,2,10,4,4,37,3,4,3,0,1,13,3,38,1,2,37,10,1,8,1,3
44,1,4,2,4,17,0,23,3,2,67,3,2,2,4,1,12,3,17,3,4,3,2,1,2,1,3
37,1,0,0,2,9,2,6,4,3,63,3,1,1,4,0,22,4,7,3,3,3,2,0,2,0,4
32,1,5,1,4,17,2,1,1,4,71,3,1,1,1,1,13,4,1,2,3,1,0,0,0,1,3
34,0,1,1,4,17,2,6,4,1,41,3,2,3,1,1,14,3,16,3,3,16,13,2,10,1,3
37,1,5,0,4,3,0,2,2,3,100,2,2,4,5,1,14,4,17,2,4,1,0,0,0,1,3
50,0,5,2,4,3,1,1,3,1,73,3,5,2,3,0,19,1,28,1,2,8,3,0,7,1,3
25,1,3,1,5,18,2,5,3,3,46,2,2,3,1,0,11,4,6,1,3,6,4,0,3,0,3
25,1,4,2,4,3,2,7,1,4,64,2,1,4,1,1,11,3,2,2,3,2,2,2,1,1,3
22,0,4,1,4,17,2,15,3,2,59,3,1,4,1,1,15,3,1,5,3,0,0,0,0,1,3
34,1,5,1,4,17,1,7,3,1,66,1,2,3,1,0,24,4,9,3,3,9,7,0,6,0,4
54,0,0,1,2,11,0,26,3,4,30,4,4,4,2,0,12,3,23,3,3,5,3,4,4,1,3
24,1,5,2,4,3,2,18,1,2,52,3,1,3,0,1,12,3,6,2,3,5,3,1,2,1,3
34,0,5,0,4,3,2,6,4,3,45,2,2,2,6,1,15,3,12,3,3,1,0,0,0,1,3
37,1,5,1,5,18,2,3,3,3,87,3,3,4,2,1,12,1,12,3,3,5,3,1,3,1,3
34,0,4,1,4,3,2,5,3,3,45,2,3,1,2,1,12,4,14,6,3,11,10,5,8,1,3
36,0,5,0,4,17,2,3,2,1,39,3,1,4,5,1,22,1,7,2,3,1,0,0,0,1,4
43,1,5,2,5,11,1,26,2,3,92,3,4,4,1,0,12,4,25,3,4,25,12,4,12,1,3
33,1,3,2,5,18,0,22,2,3,95,3,2,2,0,1,13,1,8,2,4,7,7,0,7,1,3
51,1,5,1,4,17,2,6,3,1,51,3,5,3,7,1,13,3,23,5,3,20,18,15,15,1,3
31,1,5,2,5,18,2,6,4,2,76,1,2,3,4,0,18,2,12,3,2,7,7,7,7,0,2
26,0,1,2,4,17,2,6,3,3,46,2,1,2,1,1,19,3,5,3,2,5,4,4,3,1,3
58,0,4,2,4,17,2,23,4,4,94,3,3,4,1,1,12,4,40,3,2,40,10,15,6,0,3
19,1,3,1,5,14,2,22,1,4,50,3,1,3,1,0,19,4,0,2,2,0,0,0,0,0,3
22,1,2,2,4,17,2,2,1,3,100,3,1,4,0,1,14,3,3,2,3,2,1,2,1,1,3
49,0,4,2,4,17,2,20,4,3,96,3,2,1,1,1,14,3,16,2,2,15,11,5,11,1,3
43,0,4,1,4,17,1,28,3,2,72,4,1,3,4,1,12,4,18,2,3,3,2,1,2,1,3
50,0,3,1,5,18,1,12,3,3,77,3,3,4,4,1,11,4,16,3,3,2,2,2,1,1,3
31,0,5,2,5,18,2,20,3,2,71,1,2,3,3,0,11,3,4,2,3,2,2,2,2,0,2
41,1,5,0,5,18,2,9,1,3,96,3,3,3,3,0,13,3,12,2,3,9,7,0,7,1,3
26,0,5,2,2,9,2,25,1,3,61,3,1,3,1,1,23,4,8,3,3,8,7,5,7,1,4
36,1,4,0,4,17,2,6,2,2,84,3,2,2,6,1,20,4,7,0,3,3,2,0,1,1,3
51,1,5,1,4,3,1,8,4,1,53,1,3,4,2,1,15,4,18,2,3,4,2,0,3,0,4
25,1,5,2,5,18,2,28,3,1,41,2,2,3,2,1,18,4,6,3,3,2,2,2,2,1,2
30,1,0,2,2,9,2,9,3,3,48,3,2,4,0,0,19,4,12,2,1,11,9,4,7,1,3
45,1,4,1,4,8,2,29,3,3,83,3,1,4,5,1,13,2,9,2,2,6,5,0,3,1,3
38,0,2,1,4,17,2,3,5,4,32,3,2,3,3,0,20,2,19,2,3,3,2,2,2,1,4
30,0,5,1,4,17,2,18,3,1,75,3,1,3,1,1,14,3,5,4,2,5,4,0,4,1,3
30,0,2,0,4,17,2,5,3,4,84,3,1,1,5,1,14,4,8,3,3,3,2,2,2,1,3
41,1,5,2,4,17,2,9,4,3,94,3,1,1,2,1,21,4,7,2,3,5,0,1,4,1,4
19,0,4,1,4,8,2,3,1,2,79,3,1,2,1,1,14,4,1,3,3,1,0,0,0,1,3
35,1,3,2,5,18,2,1,5,3,94,3,3,2,1,1,13,1,10,3,3,10,8,0,6,1,3
53,1,3,2,5,14,2,6,2,2,34,3,2,3,2,0,20,4,13,3,1,7,7,4,5,1,2
45,1,5,0,4,17,2,9,3,2,60,3,2,2,8,1,18,3,20,2,1,17,9,0,15,1,3
32,0,3,1,5,18,1,8,3,2,43,3,3,4,1,1,14,4,9,2,3,9,8,3,7,1,2
29,1,2,2,4,8,0,1,1,4,41,3,2,3,1,1,13,1,10,1,3,10,7,0,9,1,3
58,0,4,2,4,8,2,9,3,2,75,2,1,2,4,0,20,2,9,3,2,1,0,0,0,1,4
40,1,3,2,5,18,2,4,4,3,67,2,3,4,7,1,11,1,15,2,2,12,11,2,11,1,3
34,0,3,2,5,14,1,2,4,3,75,3,1,3,6,1,18,4,6,3,3,4,3,1,2,1,3
27,1,4,0,4,17,0,9,3,4,57,3,1,2,6,1,18,4,6,1,1,2,2,2,2,1,3
28,1,4,2,4,17,2,21,3,3,42,3,1,4,1,1,11,3,5,2,1,5,2,0,2,1,3
57,1,5,0,4,17,2,24,2,3,83,4,3,4,3,0,16,2,12,2,1,5,3,1,4,1,3
27,1,4,0,4,8,0,3,3,3,79,2,1,3,1,0,15,4,1,2,2,1,1,0,1,1,3
50,0,5,1,4,8,2,11,3,3,53,3,5,2,3,1,15,2,21,5,3,5,4,4,4,1,3
41,1,5,0,4,17,2,14,3,1,56,3,1,3,4,1,12,1,13,2,3,9,8,1,8,1,3
30,0,5,2,5,18,2,5,3,2,41,3,3,4,2,1,12,3,12,2,3,10,9,7,4,1,2
38,0,5,1,5,18,2,1,4,1,59,2,2,4,4,1,22,3,12,2,4,8,3,0,7,1,4
32,1,5,1,4,17,2,6,5,3,43,3,1,3,3,1,20,1,8,2,3,5,4,1,4,1,4
27,1,2,2,4,8,2,17,3,3,51,3,1,2,0,0,16,4,6,3,2,5,2,1,1,1,3
19,0,2,1,5,14,1,1,1,3,100,1,1,1,0,1,21,1,1,5,4,0,0,0,0,0,4
36,1,4,1,4,8,1,3,2,4,30,3,1,2,4,1,12,3,13,3,2,8,7,7,2,1,3
30,1,4,0,4,17,0,9,3,3,66,3,2,1,1,1,11,3,12,4,3,12,9,6,10,1,3
45,0,5,0,5,18,2,4,2,3,30,3,2,1,4,0,11,1,9,3,4,5,4,0,3,1,3
56,0,5,0,4,17,2,8,3,3,67,3,1,1,4,0,18,3,19,3,3,2,2,2,2,1,3
33,1,5,1,4,17,2,2,3,3,90,3,1,4,0,1,14,1,4,2,4,3,1,0,2,1,3
19,1,5,1,4,17,2,2,3,2,47,2,1,4,1,1,22,3,1,3,2,1,0,1,0,0,4
46,0,3,0,5,18,2,1,2,2,92,3,3,1,1,1,25,3,24,2,3,24,13,15,7,1,2
38,0,5,1,4,8,2,9,2,3,75,3,1,4,1,1,12,3,2,3,3,2,2,2,1,1,3
34,0,4,1,4,17,2,27,2,4,95,3,1,2,2,1,15,4,9,3,3,3,2,1,2,1,3
41,0,3,1,5,14,2,20,2,2,70,3,1,2,1,0,22,4,4,5,2,4,3,0,2,0,3
50,1,4,2,4,17,2,1,3,3,86,2,1,3,2,1,15,4,5,2,2,3,2,0,2,1,3
53,0,4,0,4,8,2,13,2,4,57,4,2,1,1,1,11,3,5,3,3,4,2,1,3,1,3
33,0,4,2,4,17,2,14,3,4,72,3,1,2,1,1,13,4,8,5,3,8,7,1,6,1,3
40,0,4,2,4,17,2,4,1,4,46,3,5,3,1,1,14,2,21,2,3,20,8,9,9,1,3
34,1,5,2,4,8,1,2,1,4,45,2,2,3,1,1,17,3,10,2,2,10,9,1,9,1,3
51,0,4,1,4,17,2,3,3,4,98,3,4,2,3,1,18,3,21,6,3,7,7,1,0,1,3
52,1,5,2,4,17,2,1,4,3,65,2,5,3,0,1,14,1,34,5,3,33,18,11,9,1,3
27,0,4,1,4,17,2,9,3,4,99,3,1,2,1,1,16,4,7,2,2,7,7,0,3,1,3
35,1,5,2,4,17,2,23,2,2,50,2,2,3,3,0,13,1,8,1,3,1,0,0,1,0,3
43,1,4,0,4,8,0,7,3,4,37,4,1,4,4,1,14,4,7,3,4,5,4,2,2,1,3
45,1,4,2,4,8,0,2,2,1,65,2,4,4,9,1,23,4,22,1,3,20,8,11,8,1,3
37,1,5,2,4,17,2,21,3,2,65,4,1,1,1,0,12,1,8,3,2,8,7,1,7,1,3
35,0,4,1,4,17,1,2,3,2,37,3,2,2,5,1,11,4,10,5,3,6,2,1,2,1,3
42,0,4,0,4,17,0,21,2,3,36,3,2,3,2,1,16,2,11,5,3,5,3,0,2,1,3
38,1,5,2,4,8,2,2,4,4,88,3,2,3,9,1,14,2,14,3,3,1,0,0,0,1,3
38,1,2,2,4,8,2,29,3,4,54,3,2,4,3,1,18,1,9,3,1,7,7,1,7,1,3
27,1,2,2,4,17,1,1,1,3,60,2,2,1,5,1,19,3,6,1,3,2,2,2,0,1,3
49,1,5,0,4,8,0,18,4,4,92,3,2,4,1,0,15,1,7,0,3,7,7,1,7,1,3
34,1,4,0,4,17,1,10,4,4,43,3,1,3,1,0,17,4,5,4,4,5,3,2,0,1,3
40,1,4,2,4,17,2,19,2,3,99,3,2,4,8,0,15,3,15,2,4,7,2,3,7,1,3
38,1,4,2,4,8,2,29,1,2,70,3,2,1,7,0,19,2,17,2,3,1,0,0,0,0,3
29,0,3,2,5,18,2,27,3,2,35,3,3,4,1,1,22,4,10,3,2,10,4,1,9,0,2
22,1,5,0,4,8,2,5,3,4,60,4,1,2,1,0,16,1,4,2,2,4,2,2,2,1,3
36,0,4,1,4,17,1,18,1,2,73,3,1,4,1,1,13,1,8,2,3,8,1,1,7,1,3
40,1,5,2,4,8,0,9,5,4,63,2,2,4,9,1,14,4,5,5,1,3,2,0,2,1,3
32,1,4,2,5,18,2,4,4,4,32,1,3,4,1,1,11,3,14,2,2,14,8,9,8,0,3
27,0,5,1,5,18,1,20,3,4,90,3,2,3,1,1,14,4,7,2,3,7,7,0,7,1,3
51,1,5,2,0,5,2,8,4,2,81,2,3,2,5,1,16,4,16,5,1,10,9,4,7,1,3
41,0,5,1,5,11,2,6,3,4,75,3,3,4,3,0,18,3,16,3,3,1,0,0,0,1,3
30,0,3,1,5,18,1,26,4,3,52,2,2,1,5,1,15,3,9,5,2,6,3,0,1,0,3
29,1,2,1,4,17,2,1,3,3,85,3,1,3,0,1,14,4,7,1,2,6,2,1,5,0,3
45,0,4,1,5,18,0,6,3,4,57,2,3,4,6,1,12,4,23,2,3,19,7,12,8,1,3
54,0,3,2,5,18,2,3,3,4,52,3,2,1,2,1,14,4,16,4,3,6,2,0,5,1,3
36,1,5,1,4,8,2,5,2,4,62,3,2,2,8,1,16,4,16,3,4,13,11,3,7,1,3
37,1,1,0,4,17,1,11,3,2,47,3,3,4,1,0,14,3,10,1,3,10,8,0,7,1,3
31,1,4,2,4,17,0,1,4,3,90,1,2,3,0,1,12,4,6,2,3,5,4,1,4,1,3
37,1,3,0,5,14,1,4,4,1,41,3,1,4,4,1,17,3,13,2,3,9,8,5,8,1,2
29,0,4,2,5,18,1,1,1,2,42,3,3,4,1,1,14,4,11,5,3,11,10,4,1,1,2
35,0,3,1,5,18,1,1,3,3,92,3,3,3,1,1,14,1,10,3,4,10,7,0,8,1,4
29,1,4,1,4,17,2,18,1,3,86,2,1,4,1,0,13,3,4,3,2,4,3,0,1,0,3
52,0,5,1,4,8,2,2,3,3,89,2,1,4,7,1,15,2,6,3,2,2,2,2,2,1,3
42,1,2,2,4,17,2,4,2,3,58,3,5,4,1,1,11,4,22,3,3,22,17,11,15,1,3
59,1,4,2,2,9,2,6,2,2,52,3,1,3,8,1,17,4,7,2,2,2,2,2,2,1,2
50,0,4,0,5,11,2,1,4,4,68,3,5,4,3,1,11,3,32,3,2,7,0,0,6,1,3
33,1,4,2,4,17,2,14,3,3,58,3,1,4,5,0,13,3,8,2,1,5,4,0,4,0,3
43,0,3,2,5,11,2,16,3,4,80,3,4,4,5,0,22,3,22,3,3,17,13,1,9,1,4
33,0,5,2,4,17,2,2,2,1,39,3,1,1,7,1,20,1,13,3,4,9,7,1,7,0,3
52,1,5,1,5,11,0,2,4,1,79,2,5,3,1,0,18,4,33,2,4,33,7,15,12,1,2
32,1,5,1,4,17,2,1,3,4,62,2,1,3,0,0,14,4,4,2,1,3,2,1,2,0,3
39,0,4,0,0,5,2,1,4,3,96,3,1,3,7,1,14,3,7,1,3,3,2,1,2,1,3
32,1,3,2,5,18,0,26,4,3,100,3,2,4,0,1,18,1,4,2,3,3,2,2,2,1,3
41,1,5,0,0,5,2,19,2,3,36,3,2,1,2,1,16,1,17,2,2,1,0,0,0,1,3
31,1,4,0,4,8,1,3,4,2,73,3,3,3,9,1,12,1,9,3,3,2,2,2,2,1,2
33,0,5,2,4,17,2,5,4,3,63,2,1,4,1,1,13,3,2,2,2,2,2,0,2,1,3
34,1,5,2,4,17,2,2,4,4,84,2,2,1,6,1,13,2,13,3,3,11,9,5,9,1,3
37,0,4,2,4,8,2,1,2,3,83,2,1,1,2,1,14,1,17,2,2,3,1,0,2,1,3
45,1,5,2,4,8,1,7,4,1,77,4,2,3,4,1,17,4,9,1,3,3,2,0,2,1,4
37,1,4,0,4,17,1,10,3,1,61,3,3,3,6,1,11,2,17,5,3,1,0,0,0,0,3
39,0,2,1,4,17,1,2,4,3,64,3,3,3,0,1,25,4,20,1,3,19,6,11,8,1,4
42,0,5,1,4,17,2,17,2,4,82,4,2,1,3,0,13,3,10,1,3,3,2,0,2,1,3
29,1,3,0,5,18,2,20,2,4,45,3,2,4,2,1,14,4,10,2,3,3,2,0,2,1,3
25,0,5,2,4,17,2,1,3,1,62,3,2,3,0,1,12,4,5,3,3,4,2,1,2,1,3
42,0,4,0,4,17,2,2,3,4,56,2,1,1,0,0,11,3,10,4,3,9,6,7,8,1,3
40,1,4,0,0,5,2,2,2,1,49,3,5,3,0,1,19,4,22,5,3,21,7,3,9,1,2
51,1,5,2,4,17,2,1,3,3,96,3,1,4,1,1,11,2,1,0,2,1,0,0,0,1,3
32,1,5,2,4,8,1,7,3,2,100,4,1,2,1,1,20,3,5,3,1,5,1,0,3,1,3
38,1,5,2,5,18,0,2,2,4,39,2,2,4,3,1,18,4,13,0,3,8,7,7,5,1,3
32,1,2,1,4,17,2,2,1,4,84,2,2,1,4,1,13,4,9,5,3,6,2,0,4,1,3
46,0,2,2,5,11,2,2,3,3,75,1,4,2,3,0,12,2,28,2,2,7,7,7,7,1,3
28,1,5,1,4,17,2,2,4,1,79,3,1,3,2,1,11,3,5,5,1,0,0,0,0,0,3
29,1,4,2,5,18,2,2,3,1,78,2,2,2,2,1,19,2,10,2,3,0,0,0,0,1,3
31,1,4,2,0,5,2,23,3,2,64,2,2,4,0,1,21,2,10,2,3,9,0,7,8,1,4
25,1,5,0,4,17,0,5,2,2,85,4,2,1,1,1,12,4,6,2,3,6,3,1,5,1,3
45,1,4,2,4,8,2,20,2,3,79,3,4,4,0,0,14,2,21,2,3,20,7,4,10,1,3
55,1,4,1,4,17,2,1,3,4,81,3,5,1,0,0,14,3,37,2,3,36,10,4,13,1,3
28,1,4,2,4,8,2,9,3,4,94,3,1,4,1,1,23,4,5,3,2,5,2,0,4,1,4
37,1,4,2,5,18,2,6,4,3,98,3,2,4,4,1,14,2,7,5,4,5,4,0,1,1,4
21,1,4,1,4,17,2,3,2,4,100,2,1,3,1,1,17,1,3,4,4,3,2,1,0,1,4
37,0,4,0,4,17,0,1,4,1,80,3,3,4,2,0,18,1,15,2,3,5,2,0,2,1,3
35,0,5,0,4,8,2,22,3,2,71,4,3,2,7,1,18,2,10,6,2,7,7,6,2,1,3
38,0,4,0,5,18,2,7,2,1,44,4,2,1,1,0,24,3,8,3,3,8,0,7,7,1,4
26,0,5,0,0,5,1,1,3,3,84,3,2,2,1,1,20,1,6,6,1,6,5,1,4,1,3
50,1,5,0,4,17,2,4,1,1,96,3,5,2,3,1,14,1,28,4,2,10,4,1,6,1,2
53,1,4,2,4,8,2,3,4,3,45,3,4,3,3,0,16,4,21,5,2,5,3,1,3,1,3
42,1,5,2,5,18,2,1,1,2,99,3,2,3,1,1,25,3,20,3,3,20,16,11,6,1,2
26,1,4,2,4,17,1,11,2,1,60,3,2,1,1,0,13,3,5,3,3,5,3,3,3,1,3
37,0,5,1,4,8,2,1,3,4,42,3,1,4,1,1,12,2,17,3,3,17,12,5,7,1,3
44,1,5,0,4,17,1,24,3,4,43,3,1,3,3,0,22,4,19,0,1,1,0,0,0,0,3
38,1,5,0,4,17,2,23,4,4,82,3,2,4,9,1,14,2,10,2,3,2,2,1,2,1,3
26,1,4,0,0,5,2,16,4,1,45,3,1,2,2,0,13,4,5,2,3,3,2,0,2,0,3
28,0,5,1,4,8,2,8,2,4,66,3,1,4,1,1,21,4,5,3,3,5,3,0,2,1,4
49,0,5,1,4,17,1,10,4,3,35,3,5,1,9,0,11,4,22,4,3,3,2,1,2,1,3
31,0,3,0,5,14,1,5,3,4,84,3,1,2,1,1,11,3,2,5,2,2,2,2,2,1,3
26,1,3,1,5,18,2,4,4,4,48,2,2,4,1,0,12,2,8,0,3,8,7,7,4,0,3
37,1,4,2,4,17,1,9,3,2,53,3,1,4,1,0,12,3,4,3,2,4,2,1,2,1,2
42,0,3,2,5,18,1,26,3,3,77,3,4,2,5,1,14,4,23,2,4,20,4,4,8,1,3
18,1,5,1,4,17,2,3,3,3,54,3,1,3,1,1,13,3,0,2,3,0,0,0,0,0,3
35,1,3,2,5,18,2,16,3,3,96,3,3,2,0,1,15,3,12,3,2,11,9,6,9,1,3
36,1,5,2,4,17,1,18,4,3,81,4,1,4,4,1,18,4,4,2,3,1,0,0,0,1,3
51,1,4,0,4,8,2,2,3,4,84,1,2,2,5,1,18,4,13,3,3,4,1,1,2,1,3
41,1,5,1,5,11,2,2,4,4,88,3,4,2,1,1,19,2,22,2,3,22,10,0,4,1,3
18,0,4,1,5,14,2,10,3,4,69,2,1,3,1,1,12,1,0,2,3,0,0,0,0,1,3
28,1,4,1,0,5,2,16,2,2,68,4,2,1,0,1,19,3,9,2,3,8,3,0,7,1,3
39,1,4,0,4,8,2,1,3,3,48,4,3,4,0,1,17,1,19,5,2,18,10,3,7,1,3
36,0,5,2,4,8,0,24,4,2,47,3,2,2,7,1,15,3,11,3,3,9,8,0,8,1,3
32,1,5,2,5,18,2,7,3,4,91,2,2,3,1,1,14,3,13,3,2,13,8,4,8,1,3
38,0,5,2,4,17,2,25,2,1,81,2,3,2,3,1,17,3,19,2,3,10,8,0,1,1,3
31,1,2,2,4,17,2,5,4,3,86,3,1,4,0,0,12,3,6,4,3,5,2,0,3,1,3
31,1,0,2,2,9,2,2,3,1,62,2,2,1,3,1,12,4,9,1,3,2,2,1,0,1,2
45,1,5,0,4,8,1,7,3,1,97,3,3,1,1,1,18,1,24,2,3,24,9,9,11,1,3
31,1,5,0,4,17,2,2,4,3,32,3,1,4,0,0,18,2,3,2,1,2,2,2,2,1,3
33,0,5,2,4,17,1,5,4,4,74,3,3,2,6,1,11,2,12,2,3,10,6,8,8,1,3
39,1,4,2,4,17,2,10,1,3,99,3,4,1,1,0,14,4,21,3,3,21,9,11,10,1,3
43,0,5,1,4,17,1,10,4,3,33,3,1,4,0,1,19,1,9,5,3,8,7,1,7,1,3
49,0,2,1,4,8,2,1,2,3,90,2,4,3,7,0,12,4,25,2,3,7,1,0,7,1,3
27,0,5,1,4,8,2,5,3,3,85,3,1,2,1,0,12,2,4,2,2,4,3,1,2,1,3
32,0,2,2,5,18,2,8,2,3,65,2,2,2,1,0,11,4,13,2,3,13,12,11,9,1,3
27,1,5,1,5,18,2,2,3,4,74,3,2,3,1,0,11,1,5,3,3,5,4,0,4,1,3
31,1,3,0,5,18,2,7,3,4,73,3,2,4,4,1,12,4,13,3,3,7,7,1,7,1,3
32,0,4,1,4,8,2,2,4,1,74,4,2,4,7,1,16,3,10,0,2,7,7,0,7,1,3
30,0,4,2,4,1,2,28,2,4,64,3,2,4,1,1,13,4,11,2,3,10,8,1,9,1,3
39,1,4,2,4,17,1,7,2,3,54,2,5,4,1,1,15,1,21,2,3,21,9,13,3,1,3
39,0,4,2,5,18,2,3,2,4,41,3,2,3,4,0,18,1,12,3,2,1,0,0,0,0,3
33,1,3,1,5,18,1,10,3,2,46,2,2,4,3,1,14,3,9,6,2,7,7,0,1,1,4
47,1,5,2,0,5,2,5,5,4,42,3,5,3,4,1,11,2,21,2,3,3,2,1,1,1,3
27,1,3,2,5,18,0,1,1,3,73,3,2,2,0,0,13,4,6,0,3,5,4,1,4,1,3
43,0,5,2,4,1,2,7,3,3,43,3,3,1,8,1,16,1,10,1,2,1,0,0,0,1,3
45,1,1,2,4,17,2,8,4,4,75,3,2,4,9,1,14,1,12,3,3,10,9,9,8,1,3
40,1,4,2,5,18,2,1,2,2,57,1,2,4,2,0,22,3,6,2,2,4,3,0,2,1,3
29,1,1,2,4,17,2,8,4,2,77,1,1,1,1,0,11,4,7,4,2,7,7,0,7,0,3
30,0,3,0,5,18,2,5,3,4,30,2,2,3,1,1,13,3,10,2,3,10,9,1,2,1,3
27,0,3,2,5,18,2,8,4,2,56,3,2,2,1,1,18,1,8,3,3,8,7,0,7,1,3
37,1,4,0,4,1,2,5,2,4,61,3,2,4,7,1,16,3,8,2,2,6,2,0,4,1,3
38,1,5,0,4,17,2,15,2,3,92,2,3,4,0,0,14,2,12,3,3,11,10,2,9,1,3
31,0,4,1,4,1,2,7,4,3,39,3,3,4,1,0,14,3,11,2,2,11,9,4,10,1,3
29,0,3,0,5,18,2,10,1,4,39,2,2,2,1,0,14,1,7,2,3,7,7,1,7,1,3
35,1,2,1,4,1,2,5,4,3,62,3,3,2,0,1,13,4,17,5,3,16,6,0,13,1,3
41,1,4,1,4,17,2,6,3,4,95,2,2,2,6,0,15,4,8,3,3,5,4,1,2,1,3
47,1,4,1,5,14,1,4,1,2,99,3,2,3,3,1,19,1,5,3,3,0,0,0,0,1,3
42,0,5,1,4,17,2,23,5,1,44,3,4,4,2,1,14,2,16,2,3,1,0,0,0,1,3
29,1,5,2,5,18,0,2,3,4,61,3,2,3,1,1,14,1,4,3,2,4,3,0,2,1,3
42,1,2,0,2,9,2,2,1,3,52,3,1,3,0,0,11,3,4,5,3,3,2,1,0,1,3
37,1,4,0,4,1,2,6,3,3,51,4,2,1,4,0,13,1,13,2,3,7,7,6,7,1,3
26,1,5,2,5,18,2,1,3,3,57,3,2,3,1,1,17,2,8,3,3,8,7,7,7,1,3
21,0,2,1,5,14,1,1,1,1,99,2,1,2,1,0,11,3,3,3,3,3,2,1,2,0,2
36,0,4,1,5,18,0,1,5,4,45,3,2,4,4,1,15,2,7,6,3,1,0,0,0,1,3
36,1,4,2,5,18,1,3,4,1,48,2,3,4,4,1,11,1,16,2,3,13,9,1,12,1,2
57,1,4,2,4,17,2,1,4,4,88,3,2,3,2,1,11,3,15,2,3,3,2,1,2,1,3
40,0,5,2,4,1,2,10,4,4,46,4,1,3,3,0,13,3,10,3,3,7,7,1,7,1,3
21,1,4,1,5,14,0,9,2,1,39,3,1,4,1,1,24,3,3,3,2,3,2,2,2,1,2
41,1,3,1,5,18,1,4,3,1,56,3,2,2,1,1,18,3,8,5,3,8,7,7,7,0,2
40,1,3,2,5,18,2,22,2,3,68,2,2,3,2,0,12,1,8,6,3,6,4,1,0,0,3
31,1,5,1,4,17,2,9,4,3,42,2,1,2,0,0,16,4,3,5,3,2,2,2,2,1,3
21,0,5,1,5,14,2,12,3,3,90,4,1,2,1,1,15,4,1,0,3,1,0,0,0,0,3
29,1,5,1,4,1,2,23,3,4,54,3,1,4,9,1,16,4,6,4,3,3,2,1,2,1,3
35,1,5,1,4,17,2,9,4,3,97,2,2,2,9,1,19,3,10,5,3,1,1,0,0,1,3
27,1,4,0,0,5,2,1,2,4,82,3,1,2,1,1,11,2,5,2,3,5,2,0,4,1,3
28,1,5,1,5,18,2,9,4,2,92,3,2,4,1,1,16,4,7,1,3,7,5,0,7,1,3
49,1,1,1,4,1,2,7,3,2,31,2,3,3,8,1,24,3,26,2,3,5,2,0,0,1,3
51,0,5,2,5,18,2,14,2,3,87,3,2,4,4,1,11,3,18,2,2,7,7,0,7,1,3
36,0,5,2,4,17,2,2,3,4,96,3,1,3,4,1,13,2,6,3,3,2,2,2,2,1,3
34,1,3,1,5,18,0,19,3,1,67,4,2,4,8,0,13,2,9,3,2,5,2,0,4,0,3
55,0,5,1,4,1,2,2,3,3,97,3,4,4,2,0,13,3,30,2,3,5,4,1,2,1,3
30,1,2,2,5,14,2,2,1,3,72,3,1,2,1,1,18,1,1,3,3,1,0,0,0,1,3
26,1,2,1,4,17,1,3,1,3,73,3,1,1,0,1,22,3,7,2,3,6,4,0,4,0,4
22,0,4,2,4,17,2,11,3,1,43,3,1,2,1,1,13,4,2,1,3,2,1,1,2,1,3
36,1,4,2,5,18,2,2,2,2,61,2,3,3,1,1,13,2,10,2,3,10,9,9,0,1,2
30,1,2,1,4,17,1,4,3,3,40,3,1,4,9,0,23,3,3,4,3,1,0,0,0,0,4
37,0,5,0,4,1,2,14,3,4,95,3,1,1,1,1,12,3,18,2,2,18,7,12,17,1,3
40,0,3,0,5,18,2,2,2,4,46,3,2,2,7,1,12,3,8,5,3,5,4,1,3,1,3
37,1,5,1,4,1,2,10,4,3,49,3,2,2,2,0,12,4,18,2,2,1,0,0,1,1,3
43,1,5,0,4,17,2,12,3,1,59,2,4,2,1,1,11,3,25,3,3,25,10,3,9,1,2
40,0,4,2,4,17,2,2,3,2,78,2,2,3,6,1,22,2,20,3,3,1,0,0,0,1,4
54,1,4,2,4,17,2,5,2,1,86,3,5,1,4,1,11,3,24,4,2,4,2,1,2,1,3
31,0,4,2,4,17,2,7,2,2,31,3,2,1,1,1,12,2,13,5,1,13,10,3,12,1,3
43,1,4,2,4,17,1,21,3,4,61,3,1,4,7,1,20,1,8,1,3,3,2,1,2,1,4
25,0,5,1,5,18,2,4,2,2,99,2,2,4,1,0,11,2,5,3,3,5,4,1,3,1,2
37,0,4,2,4,12,0,25,5,2,72,3,2,3,3,0,15,1,15,2,3,13,11,10,7,1,3
31,1,5,2,4,17,2,1,2,4,98,2,1,1,1,1,12,3,4,3,3,4,2,3,2,1,3
39,1,5,0,4,12,1,1,1,2,52,3,5,3,1,0,14,3,21,3,3,21,8,1,6,1,2
30,0,2,1,5,18,2,12,3,2,83,3,2,3,0,1,11,2,6,6,3,5,4,4,4,1,2
41,1,3,2,5,18,2,1,3,2,49,4,3,1,1,1,16,3,10,2,3,10,7,0,7,1,3
28,1,4,0,4,12,2,17,2,3,79,3,2,1,1,1,12,4,10,2,3,10,0,1,8,1,3
25,1,4,2,4,17,2,3,3,1,91,3,1,1,5,1,13,3,6,5,3,2,2,0,2,0,3
52,1,4,2,4,17,2,3,3,4,39,2,3,3,2,0,14,3,28,4,3,5,4,0,4,1,3
45,1,5,2,4,17,2,10,2,1,69,3,1,4,3,1,21,4,8,3,2,2,2,0,2,1,3
52,0,5,2,0,5,2,4,2,4,30,3,4,4,2,1,13,4,31,2,1,5,2,1,4,1,3
42,0,5,0,4,17,1,29,2,1,92,3,2,3,2,1,11,2,19,3,3,5,4,0,2,1,3
30,0,5,1,4,17,2,2,3,3,43,1,2,4,2,1,20,3,11,2,3,5,4,0,2,1,4
60,0,5,2,4,17,2,7,3,1,41,3,5,1,5,1,11,4,33,5,1,29,8,11,10,1,3
46,0,4,0,0,5,2,18,3,3,87,3,2,3,2,1,14,3,19,5,2,10,7,0,8,1,3
24,0,2,1,5,14,2,1,1,1,62,3,1,2,1,0,16,2,6,4,3,5,3,1,4,0,3
34,0,3,0,5,14,1,6,2,4,33,1,1,3,0,1,16,4,3,3,2,2,2,1,0,0,3
38,1,5,2,0,5,1,2,2,4,42,3,1,4,1,0,23,3,1,3,3,1,0,0,0,1,4
40,0,5,2,5,11,2,2,4,3,79,3,5,3,0,1,14,4,21,2,3,20,15,1,12,1,3
26,0,5,0,4,12,2,23,3,1,90,3,1,4,1,1,22,2,3,3,1,3,2,0,2,1,3
30,1,5,2,4,12,0,3,3,3,53,3,1,4,4,1,15,3,9,3,1,5,3,1,4,1,3
29,1,4,2,4,17,2,3,4,2,93,2,3,3,1,1,18,3,10,2,3,10,2,0,7,1,3
29,0,2,2,4,17,2,25,5,3,71,2,1,2,5,1,16,2,6,2,4,2,2,1,1,0,3
19,1,2,1,2,9,2,2,2,1,52,2,1,4,1,1,12,3,1,3,4,1,0,0,0,0,3
30,0,1,2,5,18,0,22,4,3,69,3,3,1,0,1,11,3,10,3,3,9,8,7,8,1,3
57,1,3,0,5,11,2,29,3,1,56,2,4,4,3,1,12,3,32,3,2,1,0,0,0,1,3
50,1,5,2,4,12,2,29,4,2,88,2,4,3,0,1,15,2,28,2,3,27,10,15,7,1,3
47,0,4,0,4,17,2,2,2,1,65,3,2,4,5,1,13,3,20,2,3,5,0,0,4,1,3
46,1,5,2,4,12,2,2,3,1,51,3,4,3,6,1,13,3,26,2,1,3,2,0,1,1,3
35,1,5,1,4,17,2,22,3,4,46,1,1,3,0,1,15,3,6,2,3,5,4,4,3,1,3
54,0,5,1,4,17,2,8,4,3,42,3,2,3,7,1,11,3,19,3,3,1,0,0,0,1,3
34,1,5,0,4,12,2,2,4,4,62,2,1,3,3,1,12,3,14,3,3,7,3,5,7,1,3
46,0,3,2,5,18,2,10,3,3,94,2,3,4,2,0,19,3,15,3,3,3,2,1,2,1,3
31,1,5,0,4,12,2,9,1,3,33,3,3,2,1,1,25,4,13,6,4,13,8,0,8,1,3
33,1,4,2,4,12,2,15,1,2,56,3,3,3,7,0,12,4,15,2,4,7,6,7,7,0,2
33,1,4,0,4,17,2,10,1,1,38,1,1,4,7,1,13,1,8,2,3,4,3,1,3,0,3
30,1,3,1,5,14,2,7,1,4,57,3,1,2,0,1,14,1,4,3,3,3,2,1,2,1,3
35,1,5,2,4,12,2,16,3,4,72,3,3,3,4,0,12,3,10,2,3,8,7,0,0,1,3
31,1,5,2,4,17,1,20,3,1,66,3,3,3,3,1,12,1,12,2,3,1,0,0,0,0,3
34,0,0,0,2,9,1,23,3,2,43,3,3,1,9,0,15,3,11,2,3,3,2,0,2,0,3
42,1,1,2,0,5,1,5,2,2,97,3,1,3,4,1,17,4,8,4,3,2,2,2,0,1,3
36,1,4,1,5,18,0,10,4,2,32,3,3,4,1,1,14,4,10,3,2,10,3,9,7,1,2
22,1,2,1,4,12,1,4,1,3,99,2,1,3,5,1,16,3,4,3,3,2,2,1,2,0,3
48,0,3,2,5,18,2,2,5,2,37,3,2,4,2,1,14,1,14,2,3,9,7,6,7,1,2
55,0,5,1,5,11,2,18,5,1,83,3,4,2,3,1,23,4,37,2,3,10,9,7,7,1,2
41,1,5,1,5,18,0,10,2,4,56,3,2,4,7,1,14,4,16,3,3,14,3,1,10,1,3
35,1,3,2,5,18,2,1,3,2,85,3,2,3,9,1,11,3,15,2,3,11,9,6,9,1,2
39,0,5,2,4,17,1,8,1,3,48,3,1,3,1,1,11,1,8,3,3,8,3,0,7,1,3
31,1,5,1,5,18,2,2,1,2,77,3,2,4,4,0,13,3,10,2,4,6,5,0,5,1,3
42,1,4,2,4,17,2,24,3,4,56,3,3,1,1,0,21,4,10,5,2,10,9,5,8,1,4
45,1,1,2,5,18,2,2,3,4,61,3,2,2,0,1,19,2,9,3,4,8,7,3,7,1,3
33,0,4,0,4,17,2,1,5,1,95,4,4,3,4,1,19,3,10,2,3,6,1,0,5,1,3
31,1,5,0,5,11,2,7,3,3,44,2,3,4,9,1,21,3,10,3,2,5,4,0,1,1,4
18,1,3,1,5,14,1,5,3,2,69,3,1,2,1,0,14,4,0,3,3,0,0,0,0,0,3
40,1,1,0,5,18,0,28,3,3,58,1,3,1,3,1,15,3,20,2,3,1,0,0,1,1,3
41,0,1,1,4,17,0,2,4,1,62,2,2,3,2,0,17,1,10,3,3,8,7,0,7,1,3
35,0,4,1,5,18,2,1,3,1,80,3,2,3,1,1,16,4,5,3,3,5,4,0,3,1,3
34,1,5,1,5,18,2,21,4,4,74,4,2,4,1,1,12,4,10,3,3,10,7,5,7,1,3
26,1,2,1,4,17,2,24,3,3,66,1,1,4,1,0,18,2,1,3,1,1,0,0,0,0,3
37,0,2,1,4,17,2,1,3,2,59,3,3,4,4,1,17,4,12,3,4,6,5,1,2,1,4
46,0,4,2,4,12,1,18,1,1,86,3,3,3,5,1,11,4,28,3,2,2,2,1,2,1,2
41,0,5,2,5,11,2,2,5,2,91,3,4,1,7,1,16,2,22,2,3,18,16,11,8,1,2
52,1,2,0,4,17,2,6,2,4,78,3,2,1,3,0,12,2,18,3,3,10,9,6,9,1,3
38,0,4,2,0,5,2,10,3,3,76,3,2,3,3,1,19,3,18,4,3,1,0,0,0,1,3
37,0,5,2,4,17,2,1,4,2,65,3,2,2,6,1,12,2,8,2,2,6,5,4,3,1,3
49,1,5,0,4,12,2,18,4,4,58,2,5,3,1,0,17,3,31,5,3,31,9,0,9,1,3
24,1,4,2,4,17,2,23,3,2,89,4,1,4,1,0,11,2,6,3,3,6,5,1,4,1,3
26,1,3,2,5,18,2,28,2,1,66,3,2,2,1,1,20,4,6,5,4,5,3,1,4,1,3
24,1,1,2,4,17,2,17,2,4,94,2,1,2,1,1,21,4,1,2,3,1,0,0,0,1,4
50,1,4,2,2,11,1,3,3,1,99,3,5,2,1,1,11,3,32,2,3,32,5,10,7,1,2
25,1,4,2,5,14,2,13,1,2,40,3,1,3,1,1,11,3,7,1,3,7,4,0,6,1,3
24,0,5,2,4,12,1,7,3,1,55,3,1,3,1,0,16,4,6,4,3,6,3,1,2,0,2
34,1,5,2,4,17,2,1,2,2,83,2,1,4,1,0,13,4,6,3,3,6,5,1,3,1,3
31,1,4,0,5,18,2,13,4,2,46,3,2,1,2,1,17,3,9,2,1,3,1,1,2,0,3
31,1,4,0,5,18,2,6,4,1,66,4,2,4,4,1,22,4,13,4,4,7,7,5,7,1,2
27,0,4,0,4,17,2,6,4,1,66,2,1,3,0,1,12,3,6,5,2,5,3,0,3,1,3
37,1,3,2,5,18,2,2,3,4,75,3,2,3,4,0,11,3,17,3,2,3,0,1,0,1,3
42,0,5,2,4,17,2,2,4,3,81,3,2,4,1,1,13,2,10,4,3,10,2,2,2,1,3
43,1,1,0,4,17,2,6,4,2,50,2,4,4,4,0,14,3,21,3,2,1,0,0,0,1,3
38,0,5,1,4,17,2,1,1,3,43,3,1,1,3,1,17,4,8,3,2,0,0,0,0,1,3
43,1,4,0,4,12,1,9,5,4,72,3,2,3,3,0,13,2,10,3,3,8,7,4,7,1,3
48,0,5,2,4,12,2,1,4,4,40,2,4,1,7,1,11,1,21,3,1,3,2,0,2,1,3
44,0,5,1,2,9,2,1,4,1,50,2,2,3,4,1,11,2,10,1,4,2,2,0,2,1,3
34,0,2,0,5,14,2,14,3,3,31,3,1,3,1,0,18,4,8,3,3,8,2,0,6,1,3
27,1,3,0,5,14,2,2,1,3,85,3,1,1,0,1,11,2,5,3,3,4,3,0,2,0,3
21,1,2,1,5,14,2,22,1,3,49,3,1,3,1,1,11,3,3,2,3,3,2,1,2,1,3
44,1,1,2,4,12,2,3,4,4,35,3,5,4,4,0,12,1,26,2,4,2,2,0,1,1,3
22,1,4,2,4,17,2,6,1,1,69,3,1,3,0,1,20,4,3,3,3,2,2,2,2,1,3
32,0,5,2,4,17,2,9,4,1,92,3,2,4,1,0,12,4,6,2,2,6,4,0,5,1,3
30,0,4,0,4,17,1,3,3,3,71,3,1,3,1,1,20,3,1,2,3,1,0,0,0,1,4
34,1,5,2,4,12,2,1,5,2,42,3,1,4,1,1,12,4,10,4,2,10,9,8,8,1,3
26,0,5,2,4,17,2,6,3,3,71,3,1,4,1,0,13,3,3,2,3,3,2,0,2,1,3
37,1,1,2,4,17,2,3,3,3,36,3,3,3,1,1,15,3,10,2,3,10,7,7,8,1,3
29,0,4,2,5,18,2,3,2,2,62,3,2,3,1,1,14,1,6,5,2,6,0,1,2,1,3
35,1,5,1,4,12,2,6,4,2,82,1,2,4,1,1,13,2,17,3,3,17,11,11,8,1,3
54,1,4,2,2,9,2,19,4,3,88,3,3,2,2,1,15,3,16,1,4,9,7,7,1,1,3
36,1,4,0,4,17,2,9,2,2,48,2,2,2,2,0,11,3,13,2,3,3,2,0,2,1,3
20,1,4,1,4,12,2,10,1,4,32,3,1,3,1,0,11,4,1,5,3,1,0,1,1,0,3
33,1,5,1,4,12,1,3,3,1,70,3,1,1,1,0,11,1,10,3,3,10,8,9,7,0,3
23,1,4,2,4,17,2,4,3,1,58,4,1,1,2,1,16,1,5,3,4,3,2,0,2,1,4
25,1,5,2,5,18,2,8,3,4,57,4,2,2,0,1,22,3,4,4,3,3,2,1,2,1,4
38,0,3,1,5,18,2,7,4,4,46,2,2,4,0,1,20,1,8,2,3,7,7,0,5,1,4
29,1,5,0,4,17,1,1,4,2,76,1,1,4,1,1,18,4,10,5,3,10,7,2,8,1,3
48,1,3,2,5,18,2,2,1,2,56,4,2,2,3,1,12,4,12,3,3,2,2,2,2,1,3
27,0,4,0,5,18,1,3,1,4,71,4,2,4,1,0,20,2,6,3,3,6,5,0,4,1,4
37,1,5,1,4,12,2,10,2,4,80,4,1,4,3,1,17,1,4,2,3,1,0,0,0,1,3
50,1,4,2,4,12,2,28,1,4,74,4,1,3,1,0,11,3,20,3,3,20,8,3,8,1,3
34,0,4,1,0,5,2,9,3,4,46,2,3,2,1,1,14,2,9,3,4,8,7,7,7,1,3
24,0,5,1,5,18,2,3,2,1,65,3,2,3,9,1,14,1,4,3,3,2,2,2,0,0,2
